index,x,y
0,-95.4611351037132,29.595886636703405
1,-95.4628487911804,29.590425266006466
2,-95.45133012419952,29.587092029713965
3,-95.45904621881068,29.592573193146325
4,-95.46683236781969,29.585072384369234
5,-95.4585609276071,29.58358036658661
6,-95.48051705294884,29.603229799624504
7,-95.47109902931541,29.600436016485187
8,-95.47071891122754,29.594668145436255
9,-95.47820382963494,29.59526669896741
10,-95.47667583344366,29.58629631252667
11,-95.48888121465941,29.604851983735603
12,-95.48731627514974,29.58975635706412
13,-95.50300763335521,29.613191906891487
14,-95.50378247000025,29.60535821555939
15,-95.49637777929748,29.604587610989494
16,-95.508233192698,29.60267572095089
17,-95.50885543055244,29.611446742926503
18,-95.51149558374173,29.585269477744813
19,-95.51754247719128,29.587636563583928
20,-95.5067705230327,29.59703317168769
21,-95.49885852274767,29.58959649992182
22,-95.51473275555072,29.575787428371523
23,-95.59683139447125,29.660526305256543
24,-95.61081903658884,29.664257150028842
25,-95.6224297113737,29.661332075708334
26,-95.6421915980793,29.67746941225238
27,-95.62019442629634,29.667120876995217
28,-95.64404831539173,29.681053471241892
29,-95.66998809724083,29.700364275543436
30,-95.67285719582235,29.700665856059885
31,-95.64556323791145,29.666376296624165
32,-95.64699856105887,29.671604696543955
33,-95.76006306222894,29.695170628788595
34,-95.77058007899022,29.738451976643148
35,-95.72854559938615,29.72242968393822
36,-95.70975507004145,29.71223122430467
37,-95.769196714998,29.71750261644619
38,-95.7650549329838,29.70518968729975
39,-95.77459239389238,29.72786927907867
40,-95.77556350678087,29.712055288445313
41,-95.77280093468715,29.691181684497806
42,-95.35714838215213,29.757840051952567
43,-95.36776499096555,29.751849496177865
44,-95.36522202044875,29.76210498396073
45,-95.35172232158276,29.767065941110726
46,-95.35360906622176,29.78707026370765
47,-95.36039890079054,29.782583307925414
48,-95.3609560079124,29.786353033204595
49,-95.3675912120188,29.787642496762448
50,-95.36231414800787,29.797371757817153
51,-95.35335661728598,29.79531128008958
52,-95.3642487247248,29.793882610875194
53,-95.37003292550953,29.811388489011303
54,-95.3615775894167,29.810543670927682
55,-95.3614875876249,29.80352512977989
56,-95.3691112078919,29.804866922075316
57,-95.35404701812885,29.80233441132827
58,-95.35285501792866,29.809525202879705
59,-95.35434669490213,29.806580626149806
60,-95.34499587876147,29.797010859619913
61,-95.34570699145723,29.781013629164324
62,-95.33418971655779,29.80399797874303
63,-95.3268744585624,29.804402622044417
64,-95.33629475803767,29.79780736335871
65,-95.3288321963882,29.796511824841893
66,-95.33812671983917,29.785521197533505
67,-95.33416008796812,29.791649001765464
68,-95.32494777741218,29.788570234122734
69,-95.3293198816496,29.788673161419627
70,-95.33133978566183,29.78266603174191
71,-95.33337090668167,29.7860714016169
72,-95.3206013850447,29.804716442837282
73,-95.32016734840046,29.795639722467545
74,-95.32035794633599,29.789719123795177
75,-95.33084873906898,29.773453439027104
76,-95.33730703391669,29.772571645562294
77,-95.32024350832408,29.77664928606145
78,-95.33117020869446,29.77869980382018
79,-95.32072565140365,29.782055569256503
80,-95.32044702756498,29.77217185549125
81,-95.32160847785674,29.764245101381206
82,-95.33545345617432,29.765562897664097
83,-95.2895133408992,29.762144824839346
84,-95.30940925770581,29.768153279991154
85,-95.30052459849544,29.76632599612555
86,-95.29500587116256,29.768174052055254
87,-95.29204186555647,29.77489073999959
88,-95.31157626900837,29.784676542361616
89,-95.31153467913019,29.778268279113817
90,-95.3096205234334,29.804723298134466
91,-95.29857478255471,29.799214368871013
92,-95.31359295849698,29.794729215857295
93,-95.3050305127459,29.783566167287194
94,-95.29984676569654,29.78552390153148
95,-95.29410561643869,29.78386979056976
96,-95.29950376546444,29.781920937229767
97,-95.35772349395747,29.77547935206194
98,-95.35724020162016,29.780564669848488
99,-95.35178367281834,29.773022420492136
100,-95.35301234231679,29.778932188611705
101,-95.36373475138356,29.77801330780209
102,-95.29823233350734,29.77782439811465
103,-95.28289807153794,29.78859293384392
104,-95.30522429778821,29.77716878519428
105,-95.2767766093995,29.76820694552924
106,-95.27019354385963,29.764842505392917
107,-95.2814689087583,29.747611844711468
108,-95.34528342034713,29.814634121169583
109,-95.33886422054248,29.816572251038597
110,-95.36901739620735,29.81666251271289
111,-95.35713529609869,29.816410215767384
112,-95.3720182463628,29.82614760530529
113,-95.37074099598125,29.821755610817117
114,-95.36128376418704,29.824529814471877
115,-95.37192449609141,29.835349029821753
116,-95.36198858452211,29.833155587010427
117,-95.37197681991472,29.830829075218592
118,-95.37891012121078,29.828513504465814
119,-95.38007903261673,29.841480806890313
120,-95.38501374626416,29.83965012845761
121,-95.36302776692526,29.841777767053166
122,-95.3722287896026,29.84185540634663
123,-95.34567230942038,29.842800061108825
124,-95.34586573766784,29.833224013939795
125,-95.34635410613267,29.82552765618308
126,-95.35098231036038,29.82518547563092
127,-95.3529434437085,29.84021324598115
128,-95.33821038212469,29.836536131162823
129,-95.33885212711102,29.826250324635755
130,-95.33708291195929,29.852253169790902
131,-95.3380049846219,29.843578456219998
132,-95.345679493482,29.86537782265253
133,-95.34390282253872,29.85527726309187
134,-95.35697241502335,29.865227892889102
135,-95.3557693974937,29.8564422755694
136,-95.35494674896013,29.85043462624179
137,-95.36781978342505,29.866037398475495
138,-95.36760706652211,29.860700190563474
139,-95.37839275758758,29.864755146280668
140,-95.36586123355666,29.848957362497632
141,-95.36660815518538,29.857311615562864
142,-95.3665790389148,29.85402459348106
143,-95.37834795959682,29.849592285437115
144,-95.37814556709004,29.85643345505852
145,-95.39353582186311,29.850138633054748
146,-95.38778347697587,29.852593074968976
147,-95.39594998082828,29.856699567692758
148,-95.39000733690905,29.86489853869511
149,-95.40218002083338,29.867223471747867
150,-95.39875305234841,29.863216692952104
151,-95.41057731549036,29.893743951908498
152,-95.3978068191166,29.872865380418634
153,-95.4102229604978,29.882695609019343
154,-95.37188528761371,29.880824346613117
155,-95.37608931540117,29.874242125590637
156,-95.37092859739944,29.885230055416415
157,-95.36816647703053,29.884204849173877
158,-95.36057334126578,29.87338429632395
159,-95.35068225835164,29.890712157593327
160,-95.35509376547938,29.880691030947688
161,-95.35377861189258,29.87485149476925
162,-95.33703964168578,29.86808793029672
163,-95.33096366413668,29.870869201384654
164,-95.34332038608112,29.89354685223382
165,-95.35508302586011,29.898355963841244
166,-95.33896245026715,29.888159465895754
167,-95.41050481177328,29.906696267291768
168,-95.39383813520352,29.915488723171162
169,-95.40613614056795,29.926546742941106
170,-95.40577234343873,29.928775163373622
171,-95.38807957774172,29.930615405340436
172,-95.39607177342923,29.924482788315107
173,-95.40433327853609,29.919099621942735
174,-95.40833244455693,29.92301625462472
175,-95.40077124625495,29.923535135656813
176,-95.40600606620467,29.93648500010933
177,-95.390246381889,29.935087714539677
178,-95.33663120692796,29.935877001826416
179,-95.3004865209298,29.936037859694803
180,-95.35567197044921,29.921917184851264
181,-95.35520418797955,29.909446316065917
182,-95.35503901589038,29.904362999125564
183,-95.32298022590516,29.926953708590705
184,-95.329988056705,29.814026569442092
185,-95.31537715981443,29.812510356562047
186,-95.31616366761551,29.822395387065317
187,-95.30764059674647,29.819882283002535
188,-95.30013079220923,29.82933966231578
189,-95.29659219123522,29.81411626171094
190,-95.31122975910137,29.837575222037742
191,-95.31500083272728,29.830428448689705
192,-95.3212920801323,29.83331579062287
193,-95.3254383787838,29.833484751875254
194,-95.3291000896001,29.82390161183408
195,-95.32510440443258,29.859244209516596
196,-95.32880388170851,29.852531905840813
197,-95.33083583999571,29.838804597103923
198,-95.30284556404081,29.84493166874296
199,-95.31646961144003,29.844816844567045
200,-95.31587447512628,29.855122886696407
201,-95.30908448238925,29.851360842926184
202,-95.29620863549863,29.85076811115932
203,-95.29318557008945,29.84311898104971
204,-95.29443306573589,29.83559642928382
205,-95.27721242290004,29.826698919664572
206,-95.280899946073,29.816451509473335
207,-95.2758182267597,29.81179920326642
208,-95.28811874583889,29.818015108394658
209,-95.27214920858225,29.840754046020173
210,-95.28388737758505,29.839487373964666
211,-95.25199097725465,29.82728250503951
212,-95.25562699748122,29.84162475782784
213,-95.2578614750393,29.842438359326493
214,-95.2493743325472,29.86111358822029
215,-95.24147062930531,29.846620715445116
216,-95.25807004510672,29.854067789400684
217,-95.27268573208679,29.86061759393037
218,-95.2697287996459,29.85118001670278
219,-95.28579643755329,29.86484003913905
220,-95.29697333675,29.862770884470223
221,-95.29596649004645,29.8557507897929
222,-95.31050028979216,29.863759471787787
223,-95.30561174608668,29.860493816963274
224,-95.32601356719732,29.864590328610337
225,-95.3078553242035,29.869880205872597
226,-95.30573972639208,29.880833760905272
227,-95.29179593702592,29.885636582015135
228,-95.28256837499633,29.876355037813816
229,-95.2931819123959,29.875552352147217
230,-95.29815635274312,29.88165160948436
231,-95.29227895462229,29.905111362270144
232,-95.29692019346385,29.896089923522858
233,-95.279427499994,29.937471324472092
234,-95.28651570307622,29.935908227445104
235,-95.29317590758451,29.935803291479246
236,-95.22790695233806,29.84456243078233
237,-95.20531310766944,29.820572110231165
238,-95.21753861159551,29.817740528903403
239,-95.18364045255053,29.80707606905495
240,-95.20571398555023,29.81472796794498
241,-95.24581961867382,29.80558392437503
242,-95.25482155697594,29.78366087775371
243,-95.2407550227548,29.782418135861832
244,-95.22854211833184,29.791057853517
245,-95.22507638649945,29.780383955448908
246,-95.22502710416678,29.777254802816348
247,-95.22003555958094,29.77277420459106
248,-95.22593752415439,29.77446283480203
249,-95.21149895602915,29.7871301277285
250,-95.20429226152943,29.78549355901584
251,-95.20236566068951,29.786786593152538
252,-95.1880902947041,29.795295893556922
253,-95.20236054556852,29.791970817449627
254,-95.18260171666184,29.804532177705706
255,-95.18348022846757,29.793676737788083
256,-95.18553543000324,29.79542984884055
257,-95.1740379327182,29.791274340774255
258,-95.16362918404752,29.791617771194442
259,-95.18511180241853,29.786688419580607
260,-95.17414833485432,29.791136281268145
261,-95.16193339416938,29.7898296848488
262,-95.16619614770318,29.790417910796293
263,-95.16664576006538,29.771302326451256
264,-95.17332900719134,29.77110179078267
265,-95.1815640598613,29.774900288984036
266,-95.19769217744664,29.783112437233537
267,-95.19602002555371,29.777809769066312
268,-95.18755206941401,29.77583388644065
269,-95.18721573200229,29.784855979848032
270,-95.19950195577515,29.76244479222782
271,-95.2189006743597,29.765720370628177
272,-95.20888473450326,29.765797130746574
273,-95.23245991475999,29.772728275223802
274,-95.25960862369264,29.77212653806561
275,-95.2211408506676,29.760333892009154
276,-95.25938643669416,29.753094659605413
277,-95.26082646561409,29.73928550511566
278,-95.25564913165343,29.72857887277687
279,-95.22105477838069,29.72758288985592
280,-95.39155957779195,29.942820094296966
281,-95.40934980702372,29.94614342518955
282,-95.39013816486302,30.021575488708624
283,-95.37434605253216,29.95731831805227
284,-95.38672571644904,29.954467685857896
285,-95.39442761471001,29.952057450606613
286,-95.39210803762231,29.946998232643196
287,-95.39605600773939,29.949346560399057
288,-95.38868163269719,29.949797754577723
289,-95.40110423145339,29.949881005645395
290,-95.42204175832042,30.001079604888385
291,-95.42463296029189,30.01930369936918
292,-95.41608477626339,29.98978082494546
293,-95.42019031523142,29.972018114984408
294,-95.41977022789702,30.0245306986863
295,-95.42575033535793,30.024561185181735
296,-95.42815013530803,30.03022910639736
297,-95.37821132392702,30.020914454389224
298,-95.38915602960859,30.02393252865922
299,-95.2617428593514,30.02881417304431
300,-95.28894222690391,30.024047087190777
301,-95.42923568823092,30.047920741335993
302,-95.4313770065542,30.063157596619067
303,-95.42649067822083,30.07376967757063
304,-95.2922482662371,29.993209644600697
305,-95.2938102234578,29.967695696573365
306,-95.32723854169772,29.95425726724568
307,-95.36573198931755,29.941299385010428
308,-95.28396919577771,29.948789393133104
309,-95.2411843829037,29.96927255701194
310,-95.24113075973898,29.9646778927261
311,-95.17245772836294,29.995035078752675
312,-95.16438967350145,29.997659775989195
313,-95.13752298998605,29.98914196128162
314,-95.1563969604073,29.997993662829913
315,-95.13672964531754,30.000597832856876
316,-95.20246024680533,29.99884172696826
317,-95.17287041354322,29.996820727608824
318,-95.2339830429931,29.98908611937932
319,-95.18308348539516,30.021102351159684
320,-95.2211474793561,30.014439669749766
321,-95.19516627042033,30.0028529031105
322,-95.18876677698489,30.00093346760467
323,-95.16836094810769,29.999918055179645
324,-95.16050617811186,30.000474559687408
325,-95.13820946688897,30.015686669694947
326,-95.159934048926,30.025743409142116
327,-95.15505114752638,30.053642557786425
328,-95.16835920032922,30.042426466865912
329,-95.15023625961813,30.064031432571028
330,-95.14092924743822,30.040459467844318
331,-95.18675597572926,30.034418600884752
332,-95.2080357043682,30.03614432591643
333,-95.2228756654777,30.04603560839668
334,-95.22135076449177,30.036389098163507
335,-95.233286043064,30.039782477122024
336,-95.23205878449279,30.02619603283224
337,-95.24839399735816,30.036578556584324
338,-95.21605470847997,30.063660354164714
339,-95.21993091408272,30.056110565727245
340,-95.22969784625656,30.053958567722056
341,-95.19255408267153,30.062402910351086
342,-95.20256582323435,30.064537192864705
343,-95.20723117372893,30.059754785133812
344,-95.20274074754008,30.049501074496742
345,-95.19178401502009,30.053823129004087
346,-95.19125739190369,30.080891915648134
347,-95.2068135705732,30.073999530820398
348,-95.19314624550148,30.072435201702017
349,-95.20002851148558,30.072490623062514
350,-95.16994072840585,30.08733779901068
351,-95.1632707838904,30.05839612776954
352,-95.17733504330694,30.062134837609452
353,-95.16679729524301,30.06528336293956
354,-95.17820953293491,30.06838683658166
355,-95.17921167400665,30.058079839967192
356,-95.17643376820669,30.054288523436878
357,-95.18507260064183,30.07361657459543
358,-95.1045863592006,30.061949614542538
359,-95.12863884523291,30.06128621055236
360,-95.09910439982418,30.058827432304092
361,-95.11699665456344,30.02437675224331
362,-95.10928149997845,30.040963507638264
363,-95.11764780788285,30.0042417604388
364,-95.12254998267895,29.98628770629617
365,-95.12806018820801,29.9316529849955
366,-95.1333210953453,29.959819568354174
367,-95.12155864990316,29.902792663213933
368,-95.12677841771323,29.91985522434745
369,-95.1618210835234,29.942274209174556
370,-95.13651230986393,29.907995253485275
371,-95.16790641943702,29.839499035566273
372,-95.15970146888121,29.789823978011373
373,-95.13361298469967,29.776051421257893
374,-95.12304408291807,29.745660483172294
375,-95.08566574712944,29.767049666523587
376,-95.09360911906367,29.788507171628705
377,-95.06214247045635,29.74945461086871
378,-95.02422211815787,29.730437736197477
379,-95.01924982562157,29.714550073034076
380,-95.34289807762812,29.758957089751142
381,-95.34360265226965,29.75200045205508
382,-95.35112432114023,29.743481009083045
383,-95.33051158136023,29.740644475376758
384,-95.33116659341813,29.73720043517337
385,-95.33775823089194,29.733528771557737
386,-95.33600488665444,29.735988686529957
387,-95.3360534810852,29.741473946604845
388,-95.33946902079938,29.742561035640083
389,-95.32671263951555,29.75403204275053
390,-95.33409813404616,29.749651250265817
391,-95.33093582402952,29.7459339183275
392,-95.31359915466095,29.749865266820457
393,-95.31793921289221,29.741320244616666
394,-95.32467443491349,29.745799705553853
395,-95.32151953349016,29.737128139812246
396,-95.32268323445354,29.731937582982038
397,-95.32719653268288,29.733691569231443
398,-95.3271996778865,29.726550015793894
399,-95.33022830415125,29.728725215598793
400,-95.32134299595751,29.723298802451826
401,-95.31224733615998,29.7195055000154
402,-95.30916219661412,29.730993660224147
403,-95.31485400254094,29.728320483016542
404,-95.29426381006732,29.735471533387056
405,-95.29658676218233,29.730829792222853
406,-95.2999821195696,29.736010517837908
407,-95.3080747180603,29.737258282671828
408,-95.3061280871092,29.739963422738317
409,-95.2912248610133,29.74302199809452
410,-95.29874300735916,29.748441681379344
411,-95.29642656868846,29.742559873227506
412,-95.30344199138905,29.749115954709165
413,-95.30423756268432,29.742770686770033
414,-95.28351036130184,29.737925535191252
415,-95.29050369917556,29.727644562979698
416,-95.28484575465339,29.72725012259883
417,-95.28563570387671,29.732766698740072
418,-95.29164449754752,29.720944633842795
419,-95.29707442283382,29.719830176613414
420,-95.30330164081043,29.71828516917071
421,-95.29120431998338,29.713795804723254
422,-95.29292034244138,29.707235313968827
423,-95.29873999034596,29.707524202710033
424,-95.27503231597107,29.719240682237526
425,-95.27646152564192,29.708899290946132
426,-95.2896783155012,29.704078160730877
427,-95.28425130797787,29.711449430507372
428,-95.28366701172214,29.706542554411357
429,-95.28703508205795,29.703427743317516
430,-95.2872326880302,29.70142860892462
431,-95.28617877352369,29.70111386690254
432,-95.30024789555053,29.700578232336344
433,-95.31500416948461,29.69927152700391
434,-95.31609487677544,29.70455211695072
435,-95.32478260394736,29.705845731923464
436,-95.31014999781763,29.70899718033369
437,-95.3171865890724,29.713102364599212
438,-95.32913040451122,29.7186267930174
439,-95.33956490524135,29.7194119427945
440,-95.35070210341945,29.714047298154288
441,-95.34461201657672,29.72227896298049
442,-95.34787702682587,29.73279650982539
443,-95.34784126131534,29.729316757762003
444,-95.3537522490472,29.73314871421544
445,-95.36281878275854,29.73927685668199
446,-95.35752632084079,29.7359366456101
447,-95.36703472664642,29.732953022697792
448,-95.36099433802394,29.72923719320313
449,-95.35400967798662,29.72689807413368
450,-95.36996802327445,29.74310888949591
451,-95.37644091503456,29.736168421186825
452,-95.38460583030383,29.721795694747726
453,-95.37949575447783,29.722842371317295
454,-95.37635867069862,29.73054941588812
455,-95.38305495146558,29.72580621217128
456,-95.3651190453019,29.72480014309968
457,-95.36858147601355,29.726672941293515
458,-95.37089102013475,29.72887216719444
459,-95.3604928984941,29.722722657231888
460,-95.35489648739792,29.721053391527235
461,-95.360633755611,29.713635634821838
462,-95.36617115378748,29.715746699681453
463,-95.37441749139737,29.721837679513076
464,-95.37427777687274,29.71599633776852
465,-95.36961199846095,29.720632263931982
466,-95.38624415767688,29.712351309736157
467,-95.39755216917435,29.707599884368822
468,-95.34920042791278,29.708080726437654
469,-95.35269512085503,29.70384994830638
470,-95.37023342600543,29.705923590796722
471,-95.36614402232239,29.708502893861944
472,-95.3319186408048,29.701912490359675
473,-95.3386385228056,29.70619388762729
474,-95.34495831325633,29.697502206062158
475,-95.33466522510123,29.692423512394843
476,-95.34456406813202,29.692559839124304
477,-95.34838848829375,29.690623351700964
478,-95.34932107839522,29.68570792379306
479,-95.35571246282848,29.698360067415923
480,-95.36137669326428,29.684796618911726
481,-95.35611593128323,29.69074768389039
482,-95.36546402545167,29.693805129312942
483,-95.36693698927986,29.69923412205608
484,-95.36947031921699,29.690329717855192
485,-95.36965955617558,29.68610415791165
486,-95.37378510786951,29.68293841705235
487,-95.37540924772516,29.69060139220386
488,-95.38317881638699,29.69450251830451
489,-95.3838357164065,29.683137188975163
490,-95.38948380584819,29.683141474095667
491,-95.39310671002734,29.70085740676992
492,-95.39172104450691,29.690502087956553
493,-95.39019965714874,29.695598391285092
494,-95.397731290282,29.68671296159385
495,-95.40158682508795,29.688749508444904
496,-95.39690608242674,29.683534038338067
497,-95.3977662420442,29.68381374941666
498,-95.39648470434642,29.692756259018946
499,-95.42267125429453,29.679705704697817
500,-95.41650246166745,29.686629558488203
501,-95.41580840149565,29.679976633252856
502,-95.40908774369747,29.696054273953205
503,-95.40687074605718,29.688611557097918
504,-95.28193917170957,29.69730779570227
505,-95.2804533837619,29.691415349292537
506,-95.26891508069862,29.702242288268618
507,-95.26202723754547,29.692972924561836
508,-95.27037650455871,29.686666108315855
509,-95.27294644894339,29.69324702185591
510,-95.245534306156,29.69905013635136
511,-95.24331907730301,29.6961518837724
512,-95.2622238903882,29.684062345941282
513,-95.26221018274293,29.672504964945116
514,-95.25463930856709,29.680745049991014
515,-95.26040360223078,29.679334078055334
516,-95.2451638388262,29.67748157998928
517,-95.2527456030661,29.66783613588003
518,-95.24257252865888,29.64432866705525
519,-95.24439543990057,29.649591681324758
520,-95.23488765245371,29.648706862804826
521,-95.22687069398901,29.64884323443543
522,-95.22443539548202,29.644323772141977
523,-95.21949988646037,29.63789938501582
524,-95.23442656192901,29.636286687156066
525,-95.22748391221918,29.63276836367865
526,-95.23455826859725,29.640657991642907
527,-95.20586700020213,29.616556202608194
528,-95.21435859579812,29.628267760388333
529,-95.20750568036118,29.623771161490513
530,-95.20286392268166,29.641061748503542
531,-95.19997019309837,29.6324065997407
532,-95.22001648400321,29.650794240414776
533,-95.2175837688049,29.647233215100744
534,-95.21172213480777,29.644719859053147
535,-95.22981746723937,29.672816151494466
536,-95.24018678109813,29.678933384577398
537,-95.23190316083529,29.677224888769505
538,-95.23814096119843,29.690694615549535
539,-95.23916964968642,29.685822110618407
540,-95.18595707605185,29.6252344814668
541,-95.22005092898092,29.724485480808898
542,-95.16352519418099,29.7434563108743
543,-95.24986779345748,29.71484832501782
544,-95.42623780889238,29.639566141108133
545,-95.4256521528956,29.63597902137628
546,-95.42583324682548,29.630835441157096
547,-95.41652069292304,29.634773057298197
548,-95.45310879560257,29.64082329953591
549,-95.4605455292222,29.63346618739667
550,-95.47020956031734,29.63710492713084
551,-95.47840437704247,29.63334604703096
552,-95.47305936556671,29.609712202207366
553,-95.47001463453,29.619768099984665
554,-95.48169475506468,29.620332000020866
555,-95.49950571115566,29.62983888579982
556,-95.50276753446136,29.622543392718175
557,-95.48745800563607,29.632295391021316
558,-95.45294344250276,29.624064698604688
559,-95.45685778404096,29.618444496831664
560,-95.45582736057298,29.609941479159563
561,-95.42319504963235,29.623856634585977
562,-95.43329873690236,29.623176738438637
563,-95.44069975211592,29.62375407213627
564,-95.42452812122076,29.616637246749587
565,-95.4314262107701,29.609976727412953
566,-95.44393721423597,29.609720801249647
567,-95.43859320432651,29.616481705361505
568,-95.45025604930709,29.598067080799765
569,-95.45554264537435,29.60104003875037
570,-95.46006865587412,29.602758570782054
571,-95.32884494575657,29.607133891778787
572,-95.3836245641431,29.606835725242483
573,-95.39987746343141,29.621427092113926
574,-95.40168280004917,29.60733451834775
575,-95.41652037734002,29.60268171586848
576,-95.35803205820054,29.67262126995193
577,-95.36095164618936,29.676809729442308
578,-95.3773787304634,29.672378489904396
579,-95.37077040500972,29.675952309947693
580,-95.35959459552015,29.663464330671058
581,-95.37436587426231,29.66354294598783
582,-95.38102644532006,29.65216731508278
583,-95.37152969368519,29.64851702625449
584,-95.38223945702792,29.637312772184025
585,-95.37674838868405,29.646921440285567
586,-95.36242195192229,29.652644639666715
587,-95.36095569107694,29.64419004546137
588,-95.35962229855964,29.639192061337177
589,-95.35921377020851,29.63500071619795
590,-95.36106146456149,29.631060391064594
591,-95.36049336653363,29.6247434005274
592,-95.37241846683665,29.624548987343402
593,-95.34806670283899,29.62324160006917
594,-95.34789472900587,29.62988894934465
595,-95.35239599222557,29.634701661066263
596,-95.34426281198068,29.6349959573298
597,-95.31913140472103,29.62935180918176
598,-95.335510261563,29.62901685572031
599,-95.32376950031187,29.64396326626214
600,-95.34316786027853,29.639232563698748
601,-95.34907083080638,29.64347084873586
602,-95.3462654495815,29.65475193111526
603,-95.34396360802062,29.648824059828957
604,-95.35240087834889,29.66312159346058
605,-95.34160982716809,29.66401475682505
606,-95.34414087169743,29.660925146740663
607,-95.34145173442366,29.67236626237928
608,-95.3434057912333,29.66765206977315
609,-95.35019860942376,29.673911456297375
610,-95.3529547140331,29.673186924873594
611,-95.34755795574507,29.681021068879403
612,-95.34045794504493,29.67959904607537
613,-95.33113105986087,29.686631000236627
614,-95.32857085390195,29.677897844015632
615,-95.33766883107177,29.682560071593564
616,-95.32380923031137,29.669210788666007
617,-95.32319694071273,29.663913732109187
618,-95.33294596719257,29.66836087747117
619,-95.3326593175819,29.66171730813257
620,-95.32687107893263,29.654575628649585
621,-95.31289078480852,29.66105853135562
622,-95.30340237885741,29.66762768523226
623,-95.30125719239777,29.679991682475798
624,-95.29720304496452,29.67627133599925
625,-95.31361484463942,29.67390003925535
626,-95.30544994683314,29.671819932106608
627,-95.30034559281364,29.683241067830917
628,-95.31665651476843,29.685436584487125
629,-95.3149949566713,29.693909871061248
630,-95.30454600429255,29.69482142679321
631,-95.30490069169363,29.689466988542506
632,-95.29404656687099,29.69309918942702
633,-95.28823472667825,29.688740621664184
634,-95.28911358855738,29.681951982269304
635,-95.28050175713065,29.681076716227178
636,-95.28442073817956,29.674868393370566
637,-95.27537544676305,29.67600765671421
638,-95.27453278042249,29.669116723429184
639,-95.26849172628462,29.67106575015771
640,-95.26699513726187,29.66772894174448
641,-95.26068014415519,29.65902243316804
642,-95.2703466990984,29.66217295734302
643,-95.27500590887273,29.663043322073744
644,-95.27455837219634,29.659687194277193
645,-95.25538804084894,29.645417036750114
646,-95.24299985283318,29.63153585207275
647,-95.25934704337348,29.63480582327426
648,-95.27927245892171,29.668775033413432
649,-95.28479690597678,29.66701712023968
650,-95.28234859715954,29.660358777404284
651,-95.29352420372737,29.66456643558266
652,-95.29996870379952,29.657160693570706
653,-95.30859351256278,29.653732355865746
654,-95.2764488057409,29.630193886788085
655,-95.29745009275754,29.6368919611373
656,-95.29192768879138,29.611742160023038
657,-95.28046597320052,29.615694557422493
658,-95.2775465343129,29.60602258852553
659,-95.27135210140702,29.621084514423956
660,-95.27112936807158,29.611076939146766
661,-95.25805659747199,29.60560021997501
662,-95.2580433403264,29.619189225634607
663,-95.23454756418361,29.620364956898975
664,-95.24624868037766,29.611941310539173
665,-95.24320797946928,29.62347793218344
666,-95.22259828349094,29.617079415480415
667,-95.22928640914668,29.61427609496171
668,-95.21715072000556,29.611438483757816
669,-95.21218357492572,29.606119093232746
670,-95.22199740867117,29.60437012880986
671,-95.22572582813493,29.608482316024023
672,-95.23552699203654,29.605739298978314
673,-95.43916180575529,29.631184943194416
674,-95.41187053391958,29.65514760632754
675,-95.44400045537898,29.63262720708715
676,-95.4401932254,29.638261144243504
677,-95.18997170204302,29.601925001876133
678,-95.17155540440754,29.58441953448436
679,-95.16091038032354,29.610245216709032
680,-95.14822361318015,29.587423131131445
681,-95.127945737774,29.618631746039537
682,-95.139397650818,29.599884292386353
683,-95.11197093229158,29.608683673886667
684,-95.13020888467972,29.5953933327376
685,-95.12362345729336,29.588513418818266
686,-95.11066074145509,29.589912930362583
687,-95.11425171951365,29.60378047749711
688,-95.11560348905962,29.599046664556813
689,-95.1125466835888,29.579761921189508
690,-95.11828985017935,29.559724984169833
691,-95.12184128422696,29.561748427657683
692,-95.11571245303766,29.569869012833625
693,-95.12231997085439,29.571073609889943
694,-95.1272529701719,29.566500856731547
695,-95.12888288946165,29.576428034876926
696,-95.13508554116852,29.57496716644083
697,-95.14126484967215,29.567680415597444
698,-95.13336573832021,29.55803435543885
699,-95.12780031673195,29.55895374443823
700,-95.13951805210152,29.57179748511337
701,-95.14901994113944,29.577896692759136
702,-95.13721359355254,29.582390530330784
703,-95.1413727069304,29.58625124445235
704,-95.14645113081998,29.56282896372846
705,-95.15673035562402,29.566876214067683
706,-95.14409860485753,29.555528741026148
707,-95.14486566095057,29.549453899443023
708,-95.13916209418261,29.557074575429432
709,-95.13760763893399,29.551456886666973
710,-95.12153188519687,29.552255483961925
711,-95.09127852243627,29.566871686622893
712,-95.1009429916819,29.561992171567354
713,-95.11193241139524,29.56574000406597
714,-95.09890819989475,29.550549295409297
715,-95.1099600046757,29.554689387103835
716,-95.07695316486597,29.744651122287838
717,-95.21318888888977,29.582714099217693
718,-95.26385249505361,29.596195444416672
719,-95.22225240281115,29.59771962393358
720,-95.2285337269116,29.591266597772577
721,-95.24091004042741,29.600422371931632
722,-95.22436475410092,29.58778575341798
723,-95.22468775745041,29.584263737546287
724,-95.22831121052678,29.58475901748027
725,-95.20642816079713,29.600298165609722
726,-95.21538839387223,29.596258233495227
727,-95.21894434288008,29.59258992608953
728,-95.2063153610111,29.58705234736879
729,-95.1969259224021,29.595213298660713
730,-95.19369495063849,29.57907222642494
731,-95.19826988785844,29.591036288712253
732,-95.16811615174076,29.557776409074553
733,-95.14900409219024,29.53140634698577
734,-95.37985990635946,29.758186239586454
735,-95.38135107442498,29.75465479592144
736,-95.38923024878476,29.759794712013747
737,-95.39517494054337,29.757541673512904
738,-95.38893914052646,29.755076644843633
739,-95.40464616571745,29.759388760548163
740,-95.40619537085124,29.754585557058643
741,-95.40014363662955,29.757007239220474
742,-95.4064034110247,29.75025319622547
743,-95.40850345877755,29.745420375891197
744,-95.40421086530404,29.745482826882505
745,-95.39858827749873,29.749828539811606
746,-95.39882754884832,29.74573287239318
747,-95.38334554184506,29.74913592756888
748,-95.38732251901965,29.749065866104615
749,-95.3904687366786,29.748761946636442
750,-95.3940274152418,29.749411092213066
751,-95.37776948442861,29.74453887369977
752,-95.37789582376568,29.749385637952994
753,-95.39181726912382,29.741678258142407
754,-95.3969678831281,29.740912913780384
755,-95.38603324652452,29.74035319080688
756,-95.38504526843619,29.74346158775286
757,-95.38599801127253,29.736293348226162
758,-95.39522733366815,29.736596986081576
759,-95.40319000691646,29.740708566522898
760,-95.40864316940981,29.738298034338683
761,-95.4027930920508,29.736497660918946
762,-95.39335962832646,29.733161326592523
763,-95.40198955724372,29.732799775916806
764,-95.40756041312399,29.732648258979864
765,-95.42437391056968,29.740284915884363
766,-95.41470389740005,29.740505988608305
767,-95.41469777295794,29.7346985161571
768,-95.41364493398295,29.753706842363847
769,-95.41470158126944,29.74780599711465
770,-95.41471530152967,29.744609302273734
771,-95.43258476949212,29.75402117966749
772,-95.4273456328116,29.750532883108203
773,-95.45236816675256,29.75218976646857
774,-95.45517392398396,29.74416684998756
775,-95.45066764258831,29.74374653966102
776,-95.44202675204856,29.74426483357245
777,-95.43131603237464,29.74476274971998
778,-95.4226119177366,29.745056195767756
779,-95.44092379420798,29.731992497103114
780,-95.44329875739025,29.73540357432342
781,-95.44243505992615,29.739946003597794
782,-95.42425012549997,29.73623530905359
783,-95.43239260324783,29.73787568619234
784,-95.4335889095045,29.73283055914972
785,-95.42382535718599,29.732313554424046
786,-95.45085743202505,29.73624926215719
787,-95.45637467052005,29.73477674255695
788,-95.45419756746395,29.728450613962313
789,-95.45445367544941,29.723851230119305
790,-95.42289866715821,29.728190640169466
791,-95.43288353949605,29.726408238792448
792,-95.44095304016066,29.726450208880355
793,-95.41457581887566,29.728196883789728
794,-95.39533274840497,29.729923152310565
795,-95.40497421827828,29.7283936375919
796,-95.39297582973427,29.726600616230108
797,-95.40435631537707,29.7230958810761
798,-95.41562175609323,29.720305615283127
799,-95.41056602637005,29.721651065327283
800,-95.40273935527209,29.717231119031585
801,-95.4108901387577,29.70180408765913
802,-95.40775987475459,29.711899178878273
803,-95.40864625636881,29.707187730755646
804,-95.41548447341908,29.709760887566162
805,-95.44720884831327,29.709066510406124
806,-95.44752997384265,29.721322036384606
807,-95.44737784968339,29.715190640721868
808,-95.44802886466732,29.720065819290063
809,-95.4478810855205,29.71276380163986
810,-95.44748336591954,29.702419910474557
811,-95.44738185051152,29.6967784772195
812,-95.44728283332852,29.6921538026026
813,-95.45422008371229,29.686300821168977
814,-95.44761370587852,29.68418303665469
815,-95.44313287772351,29.682399024530156
816,-95.44410970296384,29.696745592341166
817,-95.4390279066458,29.698468715944866
818,-95.42961728451381,29.70073879255738
819,-95.43260181078449,29.696495478721584
820,-95.43555711768735,29.698469354935952
821,-95.42426946435359,29.698396417398403
822,-95.42525188996484,29.70348437141045
823,-95.4171272168832,29.699059324831076
824,-95.42076855353977,29.701724372243202
825,-95.41907053848095,29.693258536669482
826,-95.42480169616512,29.688384151885565
827,-95.42963898405503,29.685929610728472
828,-95.4353843929013,29.687830022655184
829,-95.43571763027519,29.682151871283267
830,-95.43495166832452,29.675818611137498
831,-95.43715513014037,29.668977329210254
832,-95.44351134139478,29.66484341886848
833,-95.44333715160295,29.67632834948325
834,-95.45401343341753,29.67600904238441
835,-95.45880580608511,29.668404477390517
836,-95.45105403101208,29.668460608269545
837,-95.46019528190824,29.660644530013982
838,-95.45256584881085,29.659988598280872
839,-95.45589264336533,29.65468697498373
840,-95.47784481763982,29.644812784613507
841,-95.4701961716037,29.654185986339257
842,-95.47234171180992,29.648886840320657
843,-95.47597917987022,29.655853548845936
844,-95.4681988374441,29.662850704294957
845,-95.46314745636658,29.676020294747087
846,-95.47207819890187,29.675752058821377
847,-95.47189203919754,29.66835435572936
848,-95.46352669211355,29.684814881139598
849,-95.47039460515606,29.68351490811879
850,-95.47478096880681,29.68444056672934
851,-95.46850593484353,29.72304247599416
852,-95.47455133028178,29.720135270969614
853,-95.48124905640908,29.72177630528371
854,-95.48064227649158,29.718295306822643
855,-95.47975039212102,29.724363593020836
856,-95.4870546719661,29.72398673957697
857,-95.4909610014841,29.721770573144212
858,-95.48690019179224,29.72097761143761
859,-95.49028312611863,29.71838341504111
860,-95.48690821872736,29.718221449216564
861,-95.49479247539021,29.71801544502965
862,-95.50359232476073,29.709465241129788
863,-95.4950185419417,29.708718626368306
864,-95.49881067866623,29.7081683098777
865,-95.49071105036214,29.714058491841
866,-95.49360366320921,29.714682354289053
867,-95.48687956257486,29.715549861614292
868,-95.486847869425,29.713753137024575
869,-95.48957313806235,29.7070137910429
870,-95.49100438242851,29.710910096433125
871,-95.4867894939661,29.710060544814535
872,-95.47994406351111,29.712424702590408
873,-95.48048706300166,29.707401785840055
874,-95.4731162896986,29.712902881877607
875,-95.48317684632183,29.714630549839974
876,-95.49096522420747,29.700695816348123
877,-95.48384227427748,29.70255686057145
878,-95.4774456018627,29.70175381393876
879,-95.48775058310898,29.70154019982178
880,-95.48721523585789,29.695220694206697
881,-95.48933505071322,29.691275565019538
882,-95.48939296683575,29.68233756233887
883,-95.48540517050192,29.682397557209196
884,-95.4816869583978,29.67747637577983
885,-95.4781745156749,29.68041077507646
886,-95.48178235789864,29.68125745064544
887,-95.48052265757025,29.6873356070276
888,-95.48494272943785,29.674421150013362
889,-95.48151597947154,29.66927243131975
890,-95.48927252820326,29.669568792371937
891,-95.4866598603773,29.6641715220266
892,-95.48800970155804,29.659788105877123
893,-95.4797913598899,29.662116327856445
894,-95.48254392750543,29.654522940224975
895,-95.48423653601188,29.64583709226243
896,-95.48923564886351,29.640551270458676
897,-95.48995779439308,29.64661457241828
898,-95.48924052165322,29.65362082489943
899,-95.50255606174854,29.637789226735773
900,-95.49538973736202,29.639734443180973
901,-95.50533203951898,29.64190979953739
902,-95.50691478608434,29.646460161577146
903,-95.50185270221948,29.649380983153172
904,-95.50527435682328,29.64835014677709
905,-95.50592536248655,29.653224918771073
906,-95.49713977953347,29.649032039357046
907,-95.50256705017966,29.662205056906743
908,-95.50543001284095,29.661823422029805
909,-95.5070357742362,29.659496403781073
910,-95.49557244227061,29.654875869671816
911,-95.49893971617576,29.66162353000596
912,-95.50295889015902,29.65535094635344
913,-95.49449279466131,29.661933076304273
914,-95.50551212464914,29.67359706604233
915,-95.49726300402709,29.670087303310375
916,-95.50420272909184,29.668423867773324
917,-95.49791224859077,29.675633105989434
918,-95.49612569999226,29.687865476342797
919,-95.5012610363741,29.685337240325357
920,-95.50157439022892,29.67957143110635
921,-95.50606622201828,29.684902879919697
922,-95.5055322451544,29.690723426635497
923,-95.49797896616087,29.703207824753786
924,-95.49893531788899,29.69685212857958
925,-95.50685414847423,29.697997870063467
926,-95.51224160355821,29.7001274520775
927,-95.51916329125996,29.692597363702873
928,-95.51146593114022,29.69018080644236
929,-95.51808950898177,29.686657315062085
930,-95.51150819886405,29.68715320858472
931,-95.52650167039666,29.684849957119354
932,-95.53307688791293,29.680511183159336
933,-95.51124483982636,29.679234213345108
934,-95.52251784157384,29.675868297606122
935,-95.51427609829476,29.68092336038784
936,-95.54549284359149,29.668592640487347
937,-95.53300690211279,29.67479405877031
938,-95.5461804390233,29.66103507898063
939,-95.5389448578523,29.660734001536035
940,-95.53024065877275,29.66831258789339
941,-95.53217958904204,29.660886363987643
942,-95.53347813844226,29.669683415407835
943,-95.52238644069317,29.670176414382308
944,-95.51219647119274,29.670357860461795
945,-95.52153945194796,29.666806870701354
946,-95.51654107886077,29.662739699215816
947,-95.51088700333071,29.66015013408454
948,-95.52248165964943,29.65965676714164
949,-95.51488102103538,29.645267458396454
950,-95.51252899595538,29.65368569210282
951,-95.51967266950811,29.65106379766132
952,-95.53186290391756,29.650104973269695
953,-95.52485734803334,29.645192332450538
954,-95.54119746270074,29.650951724909973
955,-95.5322467437308,29.64187346399979
956,-95.52533671433109,29.639540630832737
957,-95.51234119247724,29.642665039341075
958,-95.45718930135018,29.777200596140997
959,-95.46638080886247,29.773238902928636
960,-95.47287909346228,29.781490029574357
961,-95.48140137517365,29.781401647180967
962,-95.46172930666164,29.781894474144085
963,-95.48474763645011,29.77592046261159
964,-95.53478872941072,29.77598471955215
965,-95.53836029778059,29.78084591604792
966,-95.54232335357283,29.771220484113815
967,-95.55198798730038,29.77769019668152
968,-95.55512276450123,29.771748703796725
969,-95.53149335576866,29.753002909396006
970,-95.54031246430137,29.755940309446203
971,-95.5482812162768,29.7608436484285
972,-95.5583055431562,29.76665281200754
973,-95.55570525573097,29.745742605783246
974,-95.55259685939006,29.75706568714607
975,-95.54464006572658,29.743892976525363
976,-95.55068545434786,29.748878060434453
977,-95.53550997906567,29.748983675823546
978,-95.53529192515998,29.739397171832803
979,-95.53661148288268,29.744464223705386
980,-95.53157670778059,29.742692659751405
981,-95.52562819694815,29.740535827829774
982,-95.51448646568758,29.740830089844785
983,-95.51839487882015,29.73955551942948
984,-95.5087789352879,29.741523368323232
985,-95.50487226279779,29.747869355219787
986,-95.50289626142126,29.74615487399673
987,-95.5030167283669,29.74059205142443
988,-95.49886746408886,29.74055436465942
989,-95.49932212921398,29.747148100195837
990,-95.49638745422344,29.744470074917615
991,-95.4871219437114,29.741916870632913
992,-95.492830243871,29.74257241881847
993,-95.4897147912694,29.746908032413543
994,-95.48386019302524,29.742134602627367
995,-95.4842036687923,29.747929627883025
996,-95.48106015484848,29.743577562969058
997,-95.47842500518468,29.74421119912496
998,-95.47984829334173,29.75974059260892
999,-95.48426123850825,29.75457291822444
1000,-95.47996547566855,29.75339699412427
1001,-95.4981624423326,29.752875342449432
1002,-95.4873429099294,29.754140040031647
1003,-95.49207256901668,29.75361885504399
1004,-95.4732473607673,29.767584248506605
1005,-95.48320068858521,29.763294545342998
1006,-95.4901442598749,29.763239499425993
1007,-95.47059381338428,29.753360997125046
1008,-95.46192746789329,29.7612338162257
1009,-95.47038458140152,29.759591089203496
1010,-95.46951688238939,29.745516612585963
1011,-95.47389098741994,29.740512788646953
1012,-95.47457003279851,29.746014046999797
1013,-95.45866621732333,29.752635232608252
1014,-95.46217185290078,29.745664525124777
1015,-95.46394192512143,29.737900900885904
1016,-95.46458110048003,29.731420181228437
1017,-95.48700888703556,29.73470651092105
1018,-95.47622254405157,29.734688929382067
1019,-95.49622103805632,29.733324225793563
1020,-95.49792302225856,29.735520341129295
1021,-95.4922060046448,29.735194485332265
1022,-95.51743804138547,29.733352904467328
1023,-95.50920929264795,29.7345921003173
1024,-95.50609768434708,29.732438736727875
1025,-95.53575617510954,29.733210180055973
1026,-95.52929740319053,29.731491309073945
1027,-95.5245526792819,29.73395152203974
1028,-95.54131883589406,29.73381235126835
1029,-95.541374192545,29.72904257888363
1030,-95.54546168578881,29.730781249372633
1031,-95.55154430144026,29.732878525210268
1032,-95.54422906793367,29.72103241565948
1033,-95.55196512072702,29.7237716714424
1034,-95.54226194858245,29.725384096515402
1035,-95.5248436259312,29.724858565765604
1036,-95.5317722482367,29.72426401170964
1037,-95.53642356021864,29.724399373664077
1038,-95.5054023890992,29.72829116679905
1039,-95.51251449930461,29.725018109174542
1040,-95.4952546166856,29.72467516728362
1041,-95.49438248826894,29.727133569818964
1042,-95.49476920311962,29.72993127435984
1043,-95.47235331665468,29.72882980761431
1044,-95.48221542166502,29.72891502790251
1045,-95.50679346755253,29.71824798967884
1046,-95.51574993865137,29.71490986577781
1047,-95.51844373060752,29.715841966207797
1048,-95.51967316923499,29.711301254497968
1049,-95.51138575863722,29.710981882308936
1050,-95.51687318265388,29.711389494752517
1051,-95.5165326609239,29.706139180851572
1052,-95.52994521411236,29.71771590199989
1053,-95.52266671294049,29.712452413521827
1054,-95.5367437073396,29.709993214970012
1055,-95.52608901384474,29.70718210959632
1056,-95.53048176282292,29.710602127541907
1057,-95.55257675337461,29.714984007943585
1058,-95.54299117686347,29.716381049882713
1059,-95.54386826284656,29.716600586307226
1060,-95.54239741829865,29.70771400325692
1061,-95.54176001829563,29.710704488771015
1062,-95.55251580680068,29.708020064690285
1063,-95.54724955308538,29.70960257330416
1064,-95.55469277190498,29.700626621220803
1065,-95.55458945896449,29.692796139735258
1066,-95.55051146018788,29.69971976440411
1067,-95.54884718613418,29.692593484833825
1068,-95.54687408110064,29.700161057752737
1069,-95.54120300876957,29.70097677988171
1070,-95.5412911354773,29.693942776955662
1071,-95.53275607896299,29.700919700835513
1072,-95.52381678716264,29.700407309065536
1073,-95.53124919203368,29.693438975273743
1074,-95.5454765036888,29.689246055007963
1075,-95.54026019836817,29.68534239812151
1076,-95.5544687346584,29.687384976154302
1077,-95.54593227795762,29.679698362846683
1078,-95.55136197036136,29.678027232328503
1079,-95.55717259229793,29.681414259118778
1080,-95.55711032971605,29.676225797250957
1081,-95.55315911411293,29.68319438152571
1082,-95.55418180107013,29.67948487992618
1083,-95.55727526505235,29.66899111358757
1084,-95.55518755488849,29.666706843731266
1085,-95.55052343537251,29.673271113042528
1086,-95.55833912015478,29.671947097344095
1087,-95.55944449245565,29.65157816174273
1088,-95.54756270522884,29.64615405613645
1089,-95.541921596686,29.64181029018586
1090,-95.5601495601987,29.65624120581759
1091,-95.56696887538587,29.777159063766774
1092,-95.58595131369805,29.77894533160276
1093,-95.57878197885982,29.778277637119523
1094,-95.57189441216181,29.77996846785826
1095,-95.60306079683157,29.777152829124365
1096,-95.596573871089,29.781681003842845
1097,-95.59218721334693,29.77877194680519
1098,-95.59534235333467,29.773194166807095
1099,-95.61429029500937,29.780526919576108
1100,-95.60978710395864,29.774954423467296
1101,-95.60978171049872,29.77220950466666
1102,-95.63560142641698,29.780782178686362
1103,-95.63361515226784,29.774451664598804
1104,-95.6143798060543,29.76484293621857
1105,-95.60968172374874,29.766711895748518
1106,-95.61904877970312,29.77396943811379
1107,-95.60196841931342,29.76740469431961
1108,-95.56989607854334,29.76779828607584
1109,-95.59110692561981,29.765817152454414
1110,-95.56733100543089,29.760443142758554
1111,-95.5741082968546,29.759214943771617
1112,-95.56520428975627,29.75367856917816
1113,-95.56810746378508,29.75152312457425
1114,-95.57185998783586,29.75355019128171
1115,-95.56062045727529,29.749919985746395
1116,-95.56096883805064,29.755267894615205
1117,-95.56232328430815,29.74194265788237
1118,-95.56938865678077,29.742437213715625
1119,-95.57984881887039,29.74249725613138
1120,-95.57392938106607,29.739423403383064
1121,-95.57430034527039,29.744972614131406
1122,-95.58709725017235,29.742732666252717
1123,-95.5855810496361,29.74571556638376
1124,-95.58681888504896,29.738629439243233
1125,-95.58319480391454,29.73886833704123
1126,-95.58165876671836,29.76120945966805
1127,-95.58424221032266,29.75212495993958
1128,-95.57940018585523,29.752326721345067
1129,-95.57456561842864,29.751171465717626
1130,-95.59928383807554,29.757582955375376
1131,-95.59019041436223,29.752861591199878
1132,-95.59208970441637,29.746601749539845
1133,-95.59361263490925,29.739124360077774
1134,-95.60144494736133,29.74156615597075
1135,-95.60101109679961,29.749705723964823
1136,-95.61477897335162,29.751072823912626
1137,-95.60986756600167,29.74964251849133
1138,-95.61119878655802,29.741801975907798
1139,-95.61635839036396,29.73921137617049
1140,-95.62192815683142,29.75054284803067
1141,-95.6211566366814,29.74124272162839
1142,-95.61876225852969,29.76080654704153
1143,-95.60967457726271,29.756328338436813
1144,-95.63055983457217,29.768725427984783
1145,-95.6357130509396,29.76083119271192
1146,-95.63963691058035,29.74630488282983
1147,-95.62985108058713,29.745087871480155
1148,-95.63760802417198,29.732487946048707
1149,-95.62118367164153,29.732028110056035
1150,-95.62131735165826,29.72386959053692
1151,-95.63809530000303,29.724167569855233
1152,-95.61990796064777,29.71643302481145
1153,-95.61521562768294,29.720000489505612
1154,-95.61256016726146,29.72580949559238
1155,-95.60847043866708,29.720774960397183
1156,-95.61012068909115,29.715996238097407
1157,-95.59870481112347,29.722458264838767
1158,-95.6150862916774,29.732478481801564
1159,-95.60910935733013,29.731050602247358
1160,-95.60009009541565,29.73326662773324
1161,-95.5754531786268,29.731555403640996
1162,-95.58348446245418,29.72496260842649
1163,-95.57831512501672,29.73473200593195
1164,-95.56056335193828,29.733609876345504
1165,-95.56983450211753,29.73041134140181
1166,-95.5636071164508,29.729561246873033
1167,-95.56754931589988,29.734543164443377
1168,-95.56166431748818,29.72268213056182
1169,-95.56861365467218,29.722563791547508
1170,-95.56435592391301,29.710862448134375
1171,-95.58193458159202,29.713532825646716
1172,-95.57959741821978,29.709220093208
1173,-95.58320599045483,29.706288598008165
1174,-95.57403400959896,29.71085600111654
1175,-95.60964895194768,29.705306824202232
1176,-95.59614274996193,29.70926728434629
1177,-95.60955083415946,29.710480451247818
1178,-95.64240296552185,29.70859238196226
1179,-95.61754013736488,29.708497011342033
1180,-95.64145922322152,29.70504586099143
1181,-95.61725373428335,29.70100146404077
1182,-95.61758863102139,29.695423984895786
1183,-95.64099469425797,29.69630808281186
1184,-95.61057990136807,29.69955493522202
1185,-95.60863940018326,29.693266120047657
1186,-95.6057757606243,29.700735275428887
1187,-95.60016076704218,29.69261881581272
1188,-95.60025169374637,29.69986541668189
1189,-95.59192519490529,29.699911868963003
1190,-95.5917840213484,29.692552383337212
1191,-95.58111853663112,29.69237581934844
1192,-95.58149228272286,29.700002538354763
1193,-95.573062706255,29.696103637716963
1194,-95.56441376446641,29.692707418165615
1195,-95.56402020232046,29.700147094957146
1196,-95.56490546207434,29.679649104127886
1197,-95.56681077325534,29.687669238137293
1198,-95.56204397921222,29.68678368575937
1199,-95.56511064677254,29.664172953710928
1200,-95.57937491247198,29.656990636768892
1201,-95.57461961750964,29.65323947802859
1202,-95.57572738882924,29.659388276972038
1203,-95.57341307500873,29.67098587712696
1204,-95.58070107895657,29.667222228961876
1205,-95.57368587759065,29.664146327661367
1206,-95.58635777632276,29.667440438675513
1207,-95.58410690274843,29.671733939998592
1208,-95.58950370755935,29.664709975634565
1209,-95.59030789538966,29.660176321898327
1210,-95.58996525388251,29.672349632221405
1211,-95.59576000235667,29.669281760499175
1212,-95.60039234406403,29.67279173193009
1213,-95.59158508191094,29.68223889763516
1214,-95.58057877600778,29.685862520136386
1215,-95.57230668776155,29.6815553018689
1216,-95.58028886446513,29.677629489880932
1217,-95.58305919631894,29.682083663343505
1218,-95.60670956732962,29.686293739328526
1219,-95.60559778161306,29.68157185165543
1220,-95.6010319359666,29.684583924189106
1221,-95.59788086038269,29.681601463302474
1222,-95.60957840298315,29.673340610541235
1223,-95.6037887189567,29.666492785450043
1224,-95.64191412578064,29.68906859634622
1225,-95.65846030840339,29.699442234679807
1226,-95.64616218950601,29.694287070179897
1227,-95.64647272997915,29.70576488275103
1228,-95.65822729206188,29.700067314246642
1229,-95.66705627827713,29.700120610755118
1230,-95.65740371588625,29.71731084747667
1231,-95.6479765129278,29.717416479802765
1232,-95.64985279382967,29.73130106334364
1233,-95.64727973323035,29.724266356835507
1234,-95.66845959809599,29.71750444621917
1235,-95.66607481682367,29.716928149225737
1236,-95.67229835938092,29.74919919133699
1237,-95.71844905336307,29.774142306318005
1238,-95.71075088330038,29.780852291170728
1239,-95.69481270292803,29.75908680762877
1240,-95.71425624092186,29.739306631015292
1241,-95.74044692281329,29.78087457755951
1242,-95.71857377311183,29.77056706095646
1243,-95.75008807214827,29.759886545520967
1244,-95.75027040673476,29.767132852850693
1245,-95.74408179228041,29.773836861918948
1246,-95.75433427992837,29.773780073846243
1247,-95.75232394008476,29.76690163853111
1248,-95.77553283627249,29.772733608654825
1249,-95.75435744213475,29.78128209261431
1250,-95.7626078403542,29.784409529270615
1251,-95.77353756740622,29.781421255739737
1252,-95.78053973414781,29.778850178739685
1253,-95.37126950279342,29.767771688374424
1254,-95.37149850004785,29.774877533550708
1255,-95.37926637389162,29.772708167005455
1256,-95.3890580096179,29.768687502478453
1257,-95.37234310044616,29.784084622147557
1258,-95.38044180224021,29.78072342196757
1259,-95.38044734460487,29.78623782716624
1260,-95.38158708477707,29.789383974686647
1261,-95.38598763884859,29.784447278654213
1262,-95.39476361403264,29.786126510385824
1263,-95.38984196701773,29.78620871979769
1264,-95.39244548592654,29.779199237851877
1265,-95.40103651126458,29.787885243908576
1266,-95.40295506058628,29.78071194191649
1267,-95.40710182013342,29.78695580527724
1268,-95.42348589802924,29.774538610368072
1269,-95.40349490887597,29.773598561354092
1270,-95.41519542867734,29.774242506659803
1271,-95.40209988158539,29.767973552918104
1272,-95.4049416568442,29.764666180690828
1273,-95.41242053789666,29.768156749084184
1274,-95.41839451316484,29.761598397315446
1275,-95.41932061871509,29.76360843346284
1276,-95.44182897823697,29.768020684226762
1277,-95.42419655238422,29.766914593193768
1278,-95.41822752675053,29.768409856418945
1279,-95.42367753516554,29.78677110766008
1280,-95.43849367605718,29.783237759715043
1281,-95.41441229059573,29.780369715350226
1282,-95.44008795330727,29.804191250420352
1283,-95.44340479463344,29.79582103049803
1284,-95.42586937603133,29.79473928212695
1285,-95.43572924017718,29.799005457857145
1286,-95.43341000787414,29.794288725151155
1287,-95.43326925861193,29.808148192305318
1288,-95.42277648822765,29.80858127557222
1289,-95.41738088128653,29.80726647268564
1290,-95.41465824261489,29.7989270236047
1291,-95.41994843103436,29.797976142913594
1292,-95.40269060745572,29.800447906906925
1293,-95.40209348917448,29.793930331637103
1294,-95.40861967913297,29.793267843257404
1295,-95.40884251534034,29.800004257218244
1296,-95.39181412339673,29.801174628420732
1297,-95.39160790112228,29.794536646946465
1298,-95.39727426823802,29.79734905935988
1299,-95.38616653092947,29.797094168068938
1300,-95.37965154406405,29.792442260367476
1301,-95.3827970436237,29.79822770332085
1302,-95.38649422503288,29.812240459966638
1303,-95.38435005503581,29.80699859463903
1304,-95.38873962074908,29.80698847340187
1305,-95.39527815117842,29.80612411911512
1306,-95.40263269630232,29.807476998502956
1307,-95.40915990896045,29.808250559640175
1308,-95.39668024282842,29.811072665826213
1309,-95.37430378412218,29.794928558598066
1310,-95.37442442256801,29.800527897350335
1311,-95.37949271563019,29.79967829105125
1312,-95.37782424692016,29.808164009359682
1313,-95.46032488701715,29.792098792788888
1314,-95.47197185462579,29.786573518299633
1315,-95.4803313384353,29.78928883398319
1316,-95.47186842707494,29.791771305890805
1317,-95.47194272264144,29.79869083996963
1318,-95.47952645520918,29.80131474763516
1319,-95.4805642165179,29.797680158164265
1320,-95.48178277776772,29.810956573950033
1321,-95.47379477319829,29.806382968762733
1322,-95.46849080760792,29.812733206683962
1323,-95.4845197047405,29.831225606503015
1324,-95.49887782254363,29.83582145050475
1325,-95.48771628107913,29.82743495003226
1326,-95.49268340033258,29.816801328652627
1327,-95.48711504059105,29.808818866417532
1328,-95.49843800524408,29.806912567850443
1329,-95.49260523658575,29.806929127825896
1330,-95.48696736888705,29.8049431281123
1331,-95.48913724009846,29.80094197081876
1332,-95.48901083774308,29.796955823630967
1333,-95.49600234905833,29.79911529470194
1334,-95.50425785600875,29.79983505569092
1335,-95.51781695188798,29.79426572792051
1336,-95.51970769638312,29.801772077942427
1337,-95.50371812834025,29.807014775835725
1338,-95.51761821427645,29.80684652925334
1339,-95.50954844098084,29.806971797435903
1340,-95.52194112595751,29.81884837962292
1341,-95.51355582339906,29.818534865145995
1342,-95.50507287133742,29.81611032250349
1343,-95.51822485157527,29.81309815217728
1344,-95.50799313619716,29.831057562771132
1345,-95.50133829582435,29.828915264198503
1346,-95.50176117019247,29.823050463637998
1347,-95.50599078257086,29.826587803719452
1348,-95.52469713657985,29.827493005756065
1349,-95.52097147542113,29.82917030915918
1350,-95.52158739758059,29.823389213755572
1351,-95.5134146162421,29.826973100599258
1352,-95.52850682591601,29.83946342681553
1353,-95.54009049917299,29.851993956166883
1354,-95.50164502607115,29.84395222181847
1355,-95.51826988873198,29.847770291369258
1356,-95.51042905946349,29.84614991801276
1357,-95.53207927626777,29.85858472648929
1358,-95.55527843498538,29.85186838378421
1359,-95.55088429477193,29.837130881237144
1360,-95.55431418525407,29.82456107372536
1361,-95.55420813073836,29.8139442851049
1362,-95.55560189015418,29.81619994659921
1363,-95.53941675199412,29.82809891751255
1364,-95.528900684232,29.828704311617805
1365,-95.53238722178342,29.824314639497317
1366,-95.54108035724065,29.82057633196424
1367,-95.53143668974383,29.812265857202657
1368,-95.53154980139989,29.818403975501464
1369,-95.54103653249774,29.815559631025504
1370,-95.52760049773832,29.801682945888086
1371,-95.53733649607554,29.808860474234592
1372,-95.53780082616677,29.80364653319087
1373,-95.53797673557916,29.797771055851538
1374,-95.52802933451426,29.7934859413089
1375,-95.52593717769719,29.78746646965188
1376,-95.54224187410613,29.78941961770873
1377,-95.53589741491574,29.789206828438044
1378,-95.54972991886594,29.808527273602365
1379,-95.54869721730319,29.800418305722363
1380,-95.54993066930095,29.79421480170551
1381,-95.54891334505353,29.78752872214831
1382,-95.5588236857901,29.80495109203361
1383,-95.55835324818791,29.790883794391128
1384,-95.48562544133746,29.784135010135437
1385,-95.46246354942768,29.816452713767102
1386,-95.45524340553078,29.81641363865303
1387,-95.45121060075635,29.808840529145556
1388,-95.44687352109021,29.813667508837966
1389,-95.40682340584938,29.81602961085894
1390,-95.42514673529669,29.81602973104779
1391,-95.44056991325412,29.815235838350446
1392,-95.39075318272566,29.82065903872057
1393,-95.39647586871641,29.815893788464592
1394,-95.38497062088656,29.81658353126446
1395,-95.39238580275928,29.826609601505375
1396,-95.38379569788746,29.825670489726267
1397,-95.39958110517645,29.8393537456264
1398,-95.39236680644424,29.83915944037501
1399,-95.3960028850694,29.832929955042264
1400,-95.40698910148399,29.839170731640234
1401,-95.40375281669282,29.824923912639118
1402,-95.39966746367313,29.850215484991644
1403,-95.4072782119929,29.85271879253073
1404,-95.40882278686861,29.86307551337217
1405,-95.41774569389234,29.860862942485596
1406,-95.42417709805315,29.855769625022237
1407,-95.42014422863978,29.846160785184875
1408,-95.4135539478349,29.836239789888992
1409,-95.42301084391652,29.838617376086884
1410,-95.42264865406568,29.83364358026667
1411,-95.42576787717884,29.824582985875896
1412,-95.4164538499705,29.825546821895827
1413,-95.44210292460005,29.82545674415672
1414,-95.43488278522692,29.824500349698226
1415,-95.4560329199918,29.827066220224303
1416,-95.4494704800111,29.82879233090132
1417,-95.44769048854877,29.823057523401687
1418,-95.45258480723943,29.818917617627893
1419,-95.46753858058462,29.823906805731504
1420,-95.45917539384894,29.823368519581514
1421,-95.47100222407165,29.830208215847403
1422,-95.46894360130234,29.83636835215336
1423,-95.47610914134584,29.83498996280952
1424,-95.48206868212579,29.83783108352897
1425,-95.44945210696683,29.83818728721278
1426,-95.46057668532846,29.83727913367661
1427,-95.43675206664098,29.838381665597836
1428,-95.43446672072328,29.832346036571064
1429,-95.43532994139072,29.85197640944134
1430,-95.44127898430149,29.860727091191865
1431,-95.45115702380832,29.845231942708857
1432,-95.44855818221387,29.85854665362452
1433,-95.45550123375328,29.85490458062445
1434,-95.47540739796258,29.85998421571846
1435,-95.4675736544476,29.85133591297784
1436,-95.46875254870092,29.859486674736416
1437,-95.46812116292308,29.856067545774614
1438,-95.46544398061137,29.845474536278264
1439,-95.47386935588291,29.84310595743324
1440,-95.47430839695991,29.847636604586782
1441,-95.48120280212945,29.844764822525494
1442,-95.48503862821917,29.846742728540153
1443,-95.47617501350294,29.851533484546067
1444,-95.48316461945947,29.857430579388996
1445,-95.49467860564597,29.854150370983156
1446,-95.51658573772612,29.86022433119091
1447,-95.50277800922727,29.858807568688047
1448,-95.50782380301027,29.857530869300717
1449,-95.48808610104791,29.871163590684016
1450,-95.49560285839058,29.869862941216173
1451,-95.4995315575687,29.872557133629073
1452,-95.50519871242363,29.88843167381095
1453,-95.49825505855932,29.88215250647514
1454,-95.49840965009213,29.8912641624716
1455,-95.50358778553613,29.87899690169284
1456,-95.48530342783882,29.886844757388815
1457,-95.48953933555156,29.887271104569834
1458,-95.48864557881167,29.89133661263438
1459,-95.47703260283386,29.879691298680875
1460,-95.48358546283252,29.873310070185692
1461,-95.4772343252215,29.87034943146176
1462,-95.47147750172388,29.87275794603127
1463,-95.4685767321021,29.884037933764166
1464,-95.47116385859313,29.88427290542673
1465,-95.46056661912934,29.886810897495288
1466,-95.46477223325682,29.875104132496787
1467,-95.44834284873424,29.876555909843507
1468,-95.45739080019445,29.876889973225957
1469,-95.4406316824407,29.86681936253681
1470,-95.45398859959111,29.867015287651146
1471,-95.46310068864518,29.86685960081505
1472,-95.42459703724148,29.882701456372367
1473,-95.41620950221363,29.87420129808281
1474,-95.42517673998898,29.867855314264265
1475,-95.42537329347023,29.87458795595793
1476,-95.43672194361083,29.878021054431276
1477,-95.43117890878122,29.885936016568653
1478,-95.42785798577617,29.891125422918012
1479,-95.41626791865635,29.88730377732085
1480,-95.41678148164483,29.896740556399674
1481,-95.42461389999265,29.895253777730623
1482,-95.41416032461957,29.908801378489287
1483,-95.41536524147632,29.923593293903586
1484,-95.41777433917649,29.93706375078479
1485,-95.47879450304677,29.912527365857716
1486,-95.48507381033988,29.915534522530926
1487,-95.50674070988865,29.929957435807665
1488,-95.49523184370462,29.921538467858753
1489,-95.49050474805126,29.916469605886885
1490,-95.5007024177038,29.908357783424393
1491,-95.5110111403904,29.925005968405564
1492,-95.50812235985732,29.929425410111524
1493,-95.53399261155424,29.86477622650822
1494,-95.60489654750536,29.862565616238964
1495,-95.58486118873431,29.83772140337783
1496,-95.56543090008472,29.87034234009757
1497,-95.56977303119817,29.8222924857367
1498,-95.64438534097904,29.84370506457175
1499,-95.64501424168529,29.864023137278917
1500,-95.64502857428563,29.85749955515703
1501,-95.62641816825474,29.84896593006684
1502,-95.6300602634592,29.839354931250583
1503,-95.62429315129192,29.854641586322956
1504,-95.64369615116249,29.867123984569
1505,-95.64337418826392,29.874425413783147
1506,-95.6156601234224,29.84240817519391
1507,-95.60888677078616,29.86341973532238
1508,-95.61747924604883,29.855534358874625
1509,-95.62065753961977,29.88735372844186
1510,-95.58590512862449,29.88018457866643
1511,-95.61879208843064,29.881435920376227
1512,-95.62081542420817,29.89009926794472
1513,-95.62047742905463,29.908049355086735
1514,-95.64160838371507,29.88317287383039
1515,-95.63114446905664,29.922300880587994
1516,-95.66318614944232,29.94540798550276
1517,-95.64697628087193,29.88089947583063
1518,-95.65218523033785,29.87613973927039
1519,-95.65039524756125,29.867748409869083
1520,-95.64715996491562,29.86182605959707
1521,-95.68989591657676,29.83117567449108
1522,-95.6469020917121,29.847598553727767
1523,-95.66328458217635,29.83256144044229
1524,-95.67229240375372,29.79719982945456
1525,-95.65897595901664,29.813151924457376
1526,-95.66621186508019,29.788351107557553
1527,-95.7008264295044,29.791492694394837
1528,-95.71659409660025,29.79127075581471
1529,-95.69446010584346,29.831064150618605
1530,-95.69505000714888,29.802844936150844
1531,-95.71369878633779,29.831103896415634
1532,-95.71748039748337,29.801299575937154
1533,-95.70932685521787,29.831223403748464
1534,-95.73858686661876,29.831559431922564
1535,-95.73916902867663,29.831422024984878
1536,-95.72331602430268,29.83111577190871
1537,-95.71977862821191,29.801780884535656
1538,-95.72049588938353,29.792789584322495
1539,-95.74740092068429,29.79333781266119
1540,-95.7272938973493,29.787733963165344
1541,-95.76515133277476,29.791968055261577
1542,-95.78031672835917,29.791484180760566
1543,-95.79277755244756,29.843047551126602
1544,-95.76886052811219,29.998579197205483
1545,-95.6970145893628,29.968155738363407
1546,-95.80770202642468,29.908619757029314
1547,-95.57165214694739,29.79494953012457
1548,-95.61283306107607,29.810343496380305
1549,-95.57658220973546,29.80198632318522
1550,-95.42827090127076,29.943322825981497
1551,-95.42125397871793,29.952373930999965
1552,-95.43080341610624,29.96138804465907
1553,-95.42331823810818,29.96179395147809
1554,-95.42307127291068,29.970805749447575
1555,-95.4250203215927,29.981080871095667
1556,-95.43780377516389,30.017226194925406
1557,-95.45798310587571,30.006583363427165
1558,-95.43090623590486,30.01339401463566
1559,-95.46806569684378,30.001058422807258
1560,-95.43323799935344,29.966637406110834
1561,-95.42636722217692,29.96756358292754
1562,-95.44530209438807,29.943683041595445
1563,-95.47049769963628,29.952165615085537
1564,-95.47759474893056,29.961550939842276
1565,-95.47434635604891,29.957029883515524
1566,-95.5282766238736,29.947555344875077
1567,-95.47544846155364,29.957158967220032
1568,-95.46969151905533,29.949984399054618
1569,-95.48426026852047,29.966440456846758
1570,-95.48003544096281,29.96240407960022
1571,-95.48898398968026,29.973792518811486
1572,-95.48305503111018,29.96776118450907
1573,-95.49300960199727,29.988801309903586
1574,-95.4887297393616,29.975200021575365
1575,-95.49944705637574,29.98395033347976
1576,-95.49460331115449,29.97365422209068
1577,-95.51001586132287,29.980182849318858
1578,-95.51370527653567,29.97817614583132
1579,-95.53756908920909,29.960033861095464
1580,-95.5455824646601,29.953723672129478
1581,-95.53564733910083,29.942561010447076
1582,-95.58310822674875,29.931570167363482
1583,-95.56894161229633,29.932304121902366
1584,-95.56488404225514,29.9296636574319
1585,-95.56967370655666,29.880041291413363
1586,-95.60153355602048,29.92171100383815
1587,-95.6108945356383,29.914167616821672
1588,-95.62044929282324,29.920411463902596
1589,-95.62832671760879,29.931600376907483
1590,-95.62722099050028,29.945348100428365
1591,-95.62987911097579,29.94529898587385
1592,-95.67050226437827,29.951300287139723
1593,-95.64384182127486,29.933165989929012
1594,-95.62916295439331,29.94975303506071
1595,-95.5854806755302,29.93961897272522
1596,-95.5880057603993,29.936352790786966
1597,-95.59926019917208,29.92588273597059
1598,-95.55688095643151,29.954377232909508
1599,-95.58066531618817,29.93715929568354
1600,-95.55659113789123,29.96191413136867
1601,-95.56280556098078,29.973429421457308
1602,-95.56282701188822,29.978207601476402
1603,-95.54590199615917,29.96726921003088
1604,-95.55423383975317,29.966080967560135
1605,-95.51702820645384,29.977920694658167
1606,-95.53536237152166,29.97122942116428
1607,-95.54030649009897,29.97794405984504
1608,-95.51146587397945,29.989988491170447
1609,-95.50122607450653,29.987568115286884
1610,-95.5108398394296,29.984646333141598
1611,-95.483710765615,29.997894817437754
1612,-95.49734211290948,29.989662019491643
1613,-95.47633762310528,30.010061391934673
1614,-95.47868377290492,30.003434818838322
1615,-95.45258369559646,30.013228482924646
1616,-95.46287838872921,30.010232788438703
1617,-95.46921030600426,30.015204594545683
1618,-95.44676644463401,30.015986321120778
1619,-95.44022446210053,30.033958557115533
1620,-95.44431191088782,30.024062047938216
1621,-95.44127890973563,30.02060283454588
1622,-95.43700738650075,30.026336380196877
1623,-95.43366590756614,30.025640580711045
1624,-95.43282946451842,30.048214622593406
1625,-95.43706476021302,30.055195845277602
1626,-95.43556071384782,30.062030157730238
1627,-95.58065038276828,30.00149630986431
1628,-95.60417926105586,29.996526426286618
1629,-95.58011901789332,29.99438718790122
1630,-95.68264067611956,29.959686567927633
1631,-95.69812516422819,29.97973028324851
1632,-95.71264835979565,29.989661405271278
1633,-95.62425255101442,29.994444394816878
1634,-95.60890704297465,30.005927355230902
1635,-95.61930678579853,29.995636353360965
1636,-95.5863710586411,30.00464353485244
1637,-95.60902369910315,29.999297057007393
1638,-95.60285701438804,30.045740140353722
1639,-95.57043184521875,30.063994066314628
1640,-95.55488115750117,30.086470484477665
1641,-95.54480912447083,30.094636927510173
1642,-95.6109188336268,30.04467804609565
1643,-95.59495662912538,30.01964974019631
1644,-95.72588424335284,30.033536368828905
1645,-95.72489347776789,30.01185305886112
1646,-95.72559266406384,29.986938107377675
1647,-95.7653132382195,30.000944552175373
1648,-95.89684953265393,30.092025653886473
1649,-95.84245076233127,30.029787619878224
1650,-95.79428660483751,30.01125480138782
1651,-95.27726667441397,29.646159653243238
1652,-95.3401029258231,29.988874801325824
1653,-95.28033261979473,30.03653346787384
1654,-95.25792375884565,30.053255452727363
1655,-95.25680451868955,30.069875106311517
1656,-95.24760651892055,30.05509254433506
