Type,Coordinates
Point,POINT (-95.3654605 29.7767798)
Point,POINT (-95.386876 29.7233769)
Point,POINT (-95.4214091 29.7039432)
Point,POINT (-95.399419 29.7079305)
Point,POINT (-95.422512 29.734488)
Point,POINT (-95.426869 29.676144)
Point,POINT (-95.3589508 29.7008748)
Point,POINT (-95.3590122 29.7045891)
Point,POINT (-95.3171879 29.7262042)
Point,POINT (-95.3126242 29.7119875)
Point,POINT (-95.3142948 29.7113316)
Point,POINT (-95.3751859 29.7400637)
Point,POINT (-95.3645731 29.7439239)
Point,POINT (-95.2970373 29.6965279)
Point,POINT (-95.2961698 29.6994831)
Point,POINT (-95.2971501 29.6962225)
Point,POINT (-95.297649 29.7016694)
Point,POINT (-95.3098234 29.7290692)
Point,POINT (-95.2939996 29.7178495)
Point,POINT (-95.2965218 29.7039845)
Point,POINT (-95.3989785 29.7725803)
Point,POINT (-95.3989819 29.7726682)
Point,POINT (-95.4184239 29.7330473)
Point,POINT (-95.4206693 29.7052849)
Point,POINT (-95.4110849 29.7343966)
Point,POINT (-95.4120017 29.6934421)
Point,POINT (-95.3629938 29.7549499)
Point,POINT (-95.3098685 29.7803014)
Point,POINT (-95.1473329 29.5842162)
Point,POINT (-95.4291834 29.818671)
Point,POINT (-95.3990876 29.8067015)
Point,POINT (-95.4097712 29.8082562)
Point,POINT (-95.3833886 29.7754552)
Point,POINT (-95.4097377 29.8211539)
Point,POINT (-95.4097554 29.8219867)
Point,POINT (-95.4099517 29.8134525)
Point,POINT (-95.3827455 29.7746248)
Point,POINT (-95.4289359 29.8164616)
Point,POINT (-95.3816679 29.7701456)
Point,POINT (-95.4175835 29.7606004)
Point,POINT (-95.3982648 29.8140708)
Point,POINT (-95.4291766 29.8180692)
Point,POINT (-95.4000163 29.8117752)
Point,POINT (-95.4321188 29.8023435)
Point,POINT (-95.4301741 29.8167554)
Point,POINT (-95.4125363 29.7294106)
Point,POINT (-95.406111 29.7538084)
Point,POINT (-95.3987093 29.8146497)
Point,POINT (-95.4253925 29.7424705)
Point,POINT (-95.4108002 29.8080583)
Point,POINT (-95.4181065 29.7160441)
Point,POINT (-95.4159915 29.7620397)
Point,POINT (-95.2317516 29.6293787)
Point,POINT (-95.4006124 29.769459)
Point,POINT (-95.4082691 29.7815879)
Point,POINT (-95.3979592 29.7737829)
Point,POINT (-95.3339892 29.7559534)
Point,POINT (-95.3341408 29.7558906)
Point,POINT (-95.3474371 29.7579475)
Point,POINT (-95.4091348 29.7417041)
Point,POINT (-95.4103673 29.7412976)
Point,POINT (-95.3916887 29.7675171)
Point,POINT (-95.4015026 29.7703486)
Point,POINT (-95.4104871 29.8081089)
Point,POINT (-95.3986323 29.7601929)
Point,POINT (-95.398637 29.7598875)
Point,POINT (-95.2658517 29.6022821)
Point,POINT (-95.3995524 29.8051851)
Point,POINT (-95.3616587 29.785871)
Point,POINT (-95.3666801 29.7966574)
Point,POINT (-95.2780876 29.69507)
Point,POINT (-95.2783725 29.6950521)
Point,POINT (-95.4422955 29.7221129)
Point,POINT (-95.4554204 29.8084905)
Point,POINT (-95.4551831 29.8085778)
Point,POINT (-95.390608 29.7419275)
Point,POINT (-95.1531828 29.5840632)
Point,POINT (-95.3949708 29.8127905)
Point,POINT (-95.4098241 29.7685137)
Point,POINT (-95.4310452 29.8291684)
Point,POINT (-95.4338075 29.8287458)
Point,POINT (-95.1813898 30.0499666)
Point,POINT (-95.2083096 30.0679257)
Point,POINT (-95.2469683 30.0507566)
Point,POINT (-95.2470667 30.0504865)
Point,POINT (-95.2354609 30.0487068)
Point,POINT (-95.2356244 30.048703)
Point,POINT (-95.1852396 30.0483498)
Point,POINT (-95.1832684 30.0459483)
Point,POINT (-95.1838031 30.0476134)
Point,POINT (-95.1839869 30.0475333)
Point,POINT (-95.1838506 30.0473612)
Point,POINT (-95.1870813 30.0549078)
Point,POINT (-95.1871719 30.0548944)
Point,POINT (-95.1862291 30.0517801)
Point,POINT (-95.1862586 30.0518451)
Point,POINT (-95.2480069 30.0601925)
Point,POINT (-95.385707 29.8598632)
Point,POINT (-95.1722775 30.072272)
Point,POINT (-95.383388 29.8458799)
Point,POINT (-95.4010297 29.8599084)
Point,POINT (-95.3809433 29.8310507)
Point,POINT (-95.379832 29.829444)
Point,POINT (-95.3792209 29.8281956)
Point,POINT (-95.4321049 29.8275395)
Point,POINT (-95.4292416 29.8273696)
Point,POINT (-95.3800321 29.8289978)
Point,POINT (-95.3758375 29.8313125)
Point,POINT (-95.4292454 29.8275003)
Point,POINT (-95.2470504 30.0618654)
Point,POINT (-95.2479006 30.0605515)
Point,POINT (-95.2461178 30.0647478)
Point,POINT (-95.2461473 30.0646411)
Point,POINT (-95.3849418 29.8448244)
Point,POINT (-95.2600149 30.0464919)
Point,POINT (-95.2600149 30.0466153)
Point,POINT (-95.2459013 30.0535054)
Point,POINT (-95.3335619 29.8700034)
Point,POINT (-95.3844769 29.872258)
Point,POINT (-95.3844774 29.8723091)
Point,POINT (-95.4009446 29.933949)
Point,POINT (-95.4061317 29.8583767)
Point,POINT (-95.3913658 29.8466594)
Point,POINT (-95.4343264 29.8287472)
Point,POINT (-95.1837133 30.0471185)
Point,POINT (-95.404751 29.9170522)
Point,POINT (-95.379795 29.830272)
Point,POINT (-95.47327 29.70801)
Point,POINT (-95.460684 29.688159)
Point,POINT (-95.5019009 29.75018)
Point,POINT (-95.5873067 29.697767)
Point,POINT (-95.624718 29.7520825)
Point,POINT (-95.5804252 29.7032578)
Point,POINT (-95.4901707 29.8037433)
Point,POINT (-95.4732361 29.7084045)
Point,POINT (-95.4944998 29.8003167)
Point,POINT (-95.5907821 29.7699633)
Point,POINT (-95.4864718 29.7480679)
Point,POINT (-95.4675821 29.7860739)
Point,POINT (-95.4780923 29.7494605)
Point,POINT (-95.4791137 29.7494347)
Point,POINT (-95.4564525 29.7578304)
Point,POINT (-95.4566768 29.7578081)
Point,POINT (-95.499816 29.7499707)
Point,POINT (-95.6262465 29.759888)
Point,POINT (-95.6260366 29.7609638)
Point,POINT (-95.6260366 29.7609374)
Point,POINT (-95.6260377 29.7611872)
Point,POINT (-95.6260377 29.7611635)
Point,POINT (-95.4629491 29.7412168)
Point,POINT (-95.4679094 29.8206059)
Point,POINT (-95.4684958 29.8206938)
Point,POINT (-95.4848396 29.7369332)
Point,POINT (-95.5377389 29.7380676)
Point,POINT (-95.523487 29.8074769)
Point,POINT (-95.5335698 29.7861861)
Point,POINT (-95.5614848 29.7374567)
Point,POINT (-95.488106 29.6965832)
Point,POINT (-95.4605653 29.8132748)
Point,POINT (-95.4856151 29.8320302)
Point,POINT (-95.5400811 29.961785)
Point,POINT (-95.5043147 29.8511675)
Point,POINT (-95.5118668 29.8540669)
Point,POINT (-95.523363 29.8580064)
Polygon,"POLYGON ((-95.3941478 29.7106182, -95.3940794 29.7105739, -95.3941252 29.7105327, -95.393227 29.7099789, -95.3931876 29.7100318, -95.3931304 29.7100017, -95.3926694 29.7105634, -95.3927271 29.7106036, -95.3926832 29.7106647, -95.3929014 29.710787, -95.392854 29.7108386, -95.3929104 29.7108644, -95.3929531 29.7108268, -95.3932501 29.7110045, -95.3932057 29.7110539, -95.3933287 29.7111254, -95.3933673 29.7110725, -95.3935806 29.7112029, -95.3936113 29.7111556, -95.3936872 29.7111905, -95.3937677 29.7110923, -95.393874 29.7111524, -95.3940191 29.7112345, -95.394158 29.7110637, -95.3943133 29.7111612, -95.3943375 29.7111274, -95.3942764 29.7110939, -95.394326 29.711014, -95.3942866 29.710991, -95.3941908 29.710935, -95.3942309 29.7108808, -95.3941318 29.7108227, -95.3941438 29.7107977, -95.3940472 29.7107392, -95.3941478 29.7106182))"
Polygon,"POLYGON ((-95.3644444 29.7474468, -95.3641274 29.7472618, -95.364339 29.7469886, -95.3644326 29.7468677, -95.3647494 29.7470526, -95.3646937 29.7471244, -95.3644444 29.7474468))"
Polygon,"POLYGON ((-95.395208 29.7143115, -95.3947804 29.7140455, -95.3952601 29.7134464, -95.3953247 29.7133653, -95.3962254 29.7139042, -95.3960833 29.7139443, -95.39547 29.7139976, -95.395208 29.7143115))"
Polygon,"POLYGON ((-95.3980341 29.708238, -95.3980318 29.7083697, -95.3982738 29.7083735, -95.3988383 29.7083824, -95.398835 29.7086636, -95.3975334 29.708655, -95.3975352 29.7086908, -95.3972946 29.7086889, -95.3973165 29.7080624, -95.3967853 29.708058, -95.3967827 29.7082934, -95.3964766 29.7082939, -95.3964817 29.7080243, -95.3963309 29.7080222, -95.3963285 29.7082916, -95.3960682 29.7082906, -95.3960697 29.7077841, -95.3963362 29.7077903, -95.396335 29.7079735, -95.396482 29.7079761, -95.3964876 29.7078056, -95.3966948 29.7078112, -95.3966915 29.7077443, -95.3972657 29.7077549, -95.3972686 29.7076967, -95.3968031 29.707702, -95.3968096 29.7076439, -95.3967506 29.7076435, -95.396754 29.7076076, -95.3968076 29.7076106, -95.3968074 29.7075606, -95.3972327 29.7075688, -95.3972343 29.7074794, -95.3971246 29.7074782, -95.3971259 29.7073964, -95.396992 29.7073949, -95.3969924 29.7074291, -95.3965252 29.7074239, -95.3965235 29.7074685, -95.3964101 29.7074677, -95.3964113 29.7074391, -95.3964212 29.7074338, -95.3964202 29.7073802, -95.3963763 29.7073785, -95.3963771 29.7073937, -95.3962834 29.7073915, -95.3962771 29.7073859, -95.396278 29.7073782, -95.3962407 29.7073791, -95.3962399 29.7074228, -95.3959608 29.7074205, -95.3959605 29.7073753, -95.3959105 29.7073734, -95.3959087 29.707276, -95.3958998 29.7072676, -95.3959008 29.7072322, -95.3959135 29.7072243, -95.3959174 29.7071734, -95.3959195 29.7071225, -95.3962746 29.7071321, -95.3962911 29.7071206, -95.3963671 29.70712, -95.3963795 29.7071291, -95.3963895 29.7071298, -95.3964182 29.7071289, -95.3964173 29.7071163, -95.3964103 29.7071108, -95.3964165 29.7070851, -95.3965211 29.7070852, -95.3965175 29.7071343, -95.3967777 29.7071322, -95.3967791 29.7070479, -95.396751 29.7070475, -95.3967565 29.706879, -95.3968506 29.7068798, -95.3968511 29.7068976, -95.396891 29.7068983, -95.3968945 29.7067974, -95.3969869 29.7067948, -95.396989 29.7067405, -95.3969868 29.7066558, -95.3972736 29.7066574, -95.3972696 29.7067407, -95.3972673 29.706789, -95.3973687 29.7067898, -95.3973686 29.7067388, -95.3974144 29.7067415, -95.3974751 29.7067433, -95.3974713 29.7068775, -95.3973775 29.7068742, -95.3973776 29.7069316, -95.3974447 29.7069321, -95.3974476 29.7069658, -95.397499 29.7069679, -95.3974944 29.7070583, -95.3974692 29.7070574, -95.3974698 29.7071093, -95.3975943 29.7071058, -95.3975457 29.7070615, -95.3975637 29.7070405, -95.3975488 29.7070289, -95.3975806 29.7070009, -95.3975584 29.7069752, -95.3975757 29.7069565, -95.3976723 29.7068761, -95.3977761 29.7069719, -95.3977412 29.7070062, -95.3978055 29.7070661, -95.3977518 29.7071137, -95.3978053 29.7071063, -95.3978614 29.7070264, -95.3979415 29.7070725, -95.3979961 29.7070709, -95.3980357 29.7070077, -95.3981452 29.7070615, -95.3981272 29.7070978, -95.3981422 29.7071052, -95.3981589 29.7071083, -95.3981977 29.7071123, -95.3982054 29.7071225, -95.3982261 29.707122, -95.398324 29.7072792, -95.398308 29.7072885, -95.398308 29.7073048, -95.3982924 29.7073062, -95.3982891 29.7073391, -95.3983902 29.7073644, -95.3987928 29.7074652, -95.3989165 29.7074935, -95.3989119 29.707565, -95.3988536 29.707565, -95.3988531 29.7077049, -95.3987091 29.7077031, -95.3987981 29.7077807, -95.3988914 29.7078577, -95.3987831 29.7079518, -95.3987761 29.7080099, -95.3988884 29.7081092, -95.3986975 29.7082771, -95.3985981 29.7081898, -95.398541 29.7082421, -95.3985073 29.7082098, -95.398471 29.7082382, -95.3983127 29.7081017, -95.398165 29.7082337, -95.3980341 29.708238))"
Polygon,"POLYGON ((-95.400219 29.7045086, -95.4001579 29.7045078, -95.4001587 29.7044603, -95.3999028 29.704457, -95.3999023 29.7044852, -95.399858 29.7044847, -95.3998564 29.704579, -95.3997229 29.7045773, -95.3997222 29.7046299, -95.3997207 29.704707, -95.3997703 29.7047076, -95.3997683 29.7048276, -95.3997201 29.704827, -95.3997185 29.7049224, -95.3997691 29.704923, -95.399768 29.7049884, -95.3998399 29.7049894, -95.3998388 29.7050597, -95.3997145 29.7050581, -95.3997127 29.7051637, -95.3997661 29.7051644, -95.3997637 29.7053093, -95.3996433 29.7053078, -95.3996449 29.7052127, -95.3994599 29.7052104, -95.3994587 29.7052843, -95.399542 29.7052853, -95.3995368 29.7055973, -95.3998318 29.7056009, -95.3998311 29.7056434, -95.3998425 29.7056435, -95.3998412 29.7057242, -95.3998944 29.7057249, -95.3998939 29.7057551, -95.4001459 29.7057583, -95.4001466 29.7057162, -95.40033 29.7057185, -95.4003311 29.7056538, -95.4003483 29.705654, -95.4003763 29.7056544, -95.4003782 29.705538, -95.4003334 29.7055374, -95.4003357 29.7054043, -95.400355 29.7054046, -95.4004159 29.7054054, -95.4004169 29.70535, -95.4004406 29.7053503, -95.4004896 29.705351, -95.4004904 29.705305, -95.4006512 29.7053054, -95.4006563 29.7051748, -95.4008229 29.7051776, -95.4008291 29.7049061, -95.4006774 29.7049041, -95.4006439 29.7049036, -95.4006436 29.7049207, -95.4004882 29.7049187, -95.4004889 29.704876, -95.4004477 29.7048756, -95.4003257 29.7048739, -95.4003266 29.7048264, -95.4004155 29.7048275, -95.4004172 29.704729, -95.4003882 29.7047286, -95.4003865 29.7047243, -95.4004505 29.7047254, -95.4005652 29.7047272, -95.4005654 29.7046991, -95.4004505 29.7046976, -95.4003868 29.7046969, -95.4003907 29.7045832, -95.400355 29.7045827, -95.4003468 29.7045826, -95.400348 29.7045102, -95.400219 29.7045086))"
Polygon,"POLYGON ((-95.4224976 29.7053433, -95.4214723 29.7053589, -95.4215205 29.7054099, -95.4215203 29.7054847, -95.4214883 29.7055378, -95.4214239 29.7055642, -95.421355 29.7055582, -95.4212952 29.7055213, -95.4207405 29.7055282, -95.4207264 29.7050492, -95.4224922 29.705035, -95.4224976 29.7053433))"
Polygon,"POLYGON ((-95.4037272 29.6911412, -95.4042499 29.6917169, -95.404407 29.6919839, -95.4045374 29.6922695, -95.4046378 29.6925521, -95.4046646 29.6927851, -95.4046565 29.6932348, -95.404619 29.6946841, -95.40342 29.6949683, -95.4013976 29.695453, -95.4012951 29.6949579, -95.400812 29.6950412, -95.4007325 29.6944744, -95.4007204 29.6942239, -95.4007258 29.6940468, -95.400774 29.6937847, -95.4008666 29.6935202, -95.4010423 29.6931393, -95.4011951 29.6929214, -95.4014459 29.6926675, -95.4016739 29.6924857, -95.4021989 29.6920849, -95.4025895 29.6917734, -95.4026939 29.6916893, -95.4029537 29.6913913, -95.4030703 29.6912101, -95.4032264 29.6912622, -95.4036657 29.6912315, -95.4037272 29.6911412))"
Polygon,"POLYGON ((-95.3922868 29.7011341, -95.392422 29.7008036, -95.3930982 29.7010122, -95.392963 29.7013428, -95.3922868 29.7011341))"
Polygon,"POLYGON ((-95.3984745 29.6955401, -95.3985308 29.6957009, -95.3987093 29.6956568, -95.3987346 29.6957405, -95.3990109 29.6956683, -95.3990341 29.695683, -95.3990728 29.6956841, -95.3991057 29.6956762, -95.3991351 29.6956542, -95.3991519 29.6956306, -95.3991556 29.695604, -95.3991433 29.6955803, -95.3991188 29.6955629, -95.3993784 29.6955029, -95.399327 29.6953339, -95.3994213 29.6953141, -95.3993435 29.6950602, -95.399142 29.695108, -95.3991557 29.6951604, -95.3987051 29.6952675, -95.398689 29.6952209, -95.3984664 29.6952675, -95.3985522 29.6955215, -95.3984745 29.6955401))"
Polygon,"POLYGON ((-95.3992773 29.7132641, -95.3993572 29.7131609, -95.3994389 29.7130552, -95.3989237 29.7127418, -95.3987554 29.7129531, -95.3992773 29.7132641))"
Polygon,"POLYGON ((-95.3951078 29.6986313, -95.3948305 29.6993216, -95.3948016 29.6993937, -95.3937774 29.6990926, -95.3937989 29.6989295, -95.3939437 29.6985427, -95.3940314 29.6982925, -95.393742 29.6981576, -95.3938128 29.6979738, -95.3941572 29.6980723, -95.39433 29.6977645, -95.3945338 29.6978204, -95.3943997 29.6982259, -95.3945647 29.6982683, -95.3945016 29.6984402, -95.3951078 29.6986313))"
Polygon,"POLYGON ((-95.3968219 29.7140603, -95.3966819 29.7139811, -95.3965943 29.7140992, -95.3966345 29.7141166, -95.3967002 29.7140325, -95.3967587 29.7140735, -95.3966578 29.714216, -95.3968116 29.7143173, -95.3968306 29.7143299, -95.3967489 29.7144327, -95.3965087 29.7142797, -95.3965316 29.714256, -95.396432 29.7142073, -95.3963241 29.7143267, -95.3961756 29.714236, -95.396133 29.7142382, -95.3961389 29.7142967, -95.3960453 29.714422, -95.3958195 29.7144559, -95.3956923 29.7143799, -95.3956803 29.7143165, -95.3956274 29.7143188, -95.3955265 29.7144569, -95.3953966 29.7143923, -95.3955379 29.7142338, -95.3954117 29.7141472, -95.395493 29.714049, -95.3956559 29.7141425, -95.3960874 29.7140836, -95.3962254 29.7139042, -95.3953247 29.7133653, -95.3952601 29.7134464, -95.3949807 29.7132314, -95.3946628 29.713618, -95.3944449 29.7134919, -95.3943834 29.7135615, -95.3942248 29.7134537, -95.3944064 29.7132355, -95.3944853 29.7132741, -95.3946869 29.7130084, -95.3949577 29.7131743, -95.3949813 29.7131395, -95.3949231 29.7131061, -95.3949782 29.7130431, -95.3949295 29.7130205, -95.3951043 29.7128174, -95.3953117 29.7129306, -95.3954087 29.7128061, -95.3953358 29.7127668, -95.3954683 29.7126132, -95.3954868 29.7125937, -95.3955784 29.7126517, -95.3955585 29.7126756, -95.3956915 29.7127585, -95.395718 29.7127299, -95.3957841 29.7127664, -95.3957617 29.7127897, -95.3958438 29.7128393, -95.3958324 29.7128565, -95.3958369 29.7128715, -95.395893 29.7129093, -95.3959226 29.7128978, -95.3959548 29.7128883, -95.3959842 29.7128953, -95.3960222 29.7129156, -95.396047 29.7129485, -95.3960565 29.7129764, -95.3960456 29.7130043, -95.3961041 29.7130424, -95.3961279 29.7130402, -95.3961462 29.7130206, -95.3962245 29.7130732, -95.3962445 29.7130498, -95.3963067 29.7130854, -95.3962888 29.7131142, -95.396508 29.7132434, -95.397017 29.7135663, -95.3971652 29.713662, -95.3968219 29.7140603))"
Polygon,"POLYGON ((-95.3842789 29.7242262, -95.3842465 29.7242369, -95.3842169 29.7242527, -95.3841913 29.724273, -95.3841705 29.7242972, -95.3841541 29.7243272, -95.3841452 29.7243596, -95.3841443 29.7243929, -95.3840703 29.7244837, -95.3837316 29.7242756, -95.3837669 29.7242323, -95.3836891 29.7241845, -95.3838462 29.7239916, -95.3837991 29.7239627, -95.3838183 29.723939, -95.3838411 29.723953, -95.3838902 29.7238927, -95.3839944 29.7239567, -95.3840095 29.7239382, -95.3843454 29.7241446, -95.3842789 29.7242262))"
Polygon,"POLYGON ((-95.4318396 29.8120477, -95.4316346 29.8120796, -95.431471 29.8121115, -95.4312913 29.8121386, -95.4312748 29.8121407, -95.4312584 29.8121427, -95.4310387 29.8121718, -95.4308765 29.8121857, -95.4306914 29.8122032, -95.4305652 29.8122119, -95.4305063 29.812216, -95.4303508 29.8122241, -95.4301281 29.8122253, -95.4299736 29.8122112, -95.4299632 29.8122114, -95.4299501 29.8119021, -95.4294709 29.8119071, -95.4294669 29.8118, -95.4294307 29.8108202, -95.4294296 29.8107627, -95.4294246 29.8104892, -95.429703 29.8104845, -95.4296842 29.8097991, -95.430293 29.809794, -95.4304984 29.8097929, -95.430751 29.8097915, -95.4309796 29.8097902, -95.4312089 29.8097889, -95.4318434 29.809791, -95.4318425 29.8093885, -95.4323355 29.8093873, -95.4323358 29.8092499, -95.4323321 29.8090442, -95.4323272 29.808769, -95.4327381 29.8087673, -95.4327481 29.809369, -95.4331905 29.8093682, -95.433214 29.8107722, -95.4332107 29.8116617, -95.4329833 29.8117337, -95.4327726 29.8117967, -95.4326254 29.8118382, -95.4325596 29.8109919, -95.4318407 29.8110035, -95.4318488 29.8116063, -95.4318396 29.8120477))"
Polygon,"POLYGON ((-95.4356351 29.8121574, -95.4349532 29.81244, -95.4349615 29.8122016, -95.4351376 29.8121273, -95.4351401 29.812046, -95.4353178 29.811975, -95.4353177 29.8118952, -95.4355362 29.8118028, -95.4355338 29.8120514, -95.435636 29.8120509, -95.4356351 29.8121574))"
Polygon,"POLYGON ((-95.4424598 29.7221619, -95.442458 29.7220633, -95.4421592 29.7220675, -95.442161 29.7221661, -95.4424598 29.7221619))"
Polygon,"POLYGON ((-95.4424619 29.7222733, -95.4424598 29.7221619, -95.442161 29.7221661, -95.4421628 29.7222775, -95.4424619 29.7222733))"
Polygon,"POLYGON ((-95.3160688 29.7257209, -95.3159627 29.7259909, -95.3158184 29.7259481, -95.3159148 29.7257028, -95.3159965 29.725727, -95.3160062 29.7257023, -95.3160688 29.7257209))"
Polygon,"POLYGON ((-95.4256842 29.8013357, -95.4255349 29.8012912, -95.4255429 29.8012711, -95.4252361 29.8011797, -95.425248 29.8011496, -95.4252715 29.80109, -95.4253287 29.8009457, -95.4257847 29.8010816, -95.4256842 29.8013357))"
Polygon,"POLYGON ((-95.3607382 29.7317617, -95.3604196 29.7315692, -95.3600377 29.7313397, -95.3600236 29.7313232, -95.3600218 29.7313007, -95.360021 29.7312721, -95.3600426 29.7312406, -95.3603216 29.7309075, -95.3613407 29.7296331, -95.3613749 29.7296023, -95.3614116 29.7295885, -95.3614543 29.7295864, -95.3615093 29.7296055, -95.3621391 29.7299949, -95.3617309 29.7305145, -95.3616723 29.7305891, -95.3624942 29.7310489, -95.3625554 29.731086, -95.3625615 29.7311073, -95.3625652 29.7311317, -95.362556 29.7311545, -95.3625469 29.731172, -95.3621839 29.7316329, -95.3612716 29.7311106, -95.3607382 29.7317617))"
Polygon,"POLYGON ((-95.3657638 29.7465043, -95.3657509 29.7464988, -95.3657309 29.7464903, -95.365708 29.7464897, -95.3656797 29.7465002, -95.3656575 29.7465236, -95.3652364 29.7470534, -95.3650958 29.7472123, -95.3648583 29.7470668, -95.3643281 29.7467444, -95.3642857 29.746728, -95.3642548 29.7467356, -95.364242 29.7467491, -95.3638255 29.7472672, -95.3637885 29.7473174, -95.3637878 29.7473373, -95.3638094 29.7473554, -95.3643025 29.7476516, -95.3647984 29.7479565, -95.3653144 29.7482649, -95.3659907 29.7486697, -95.3664409 29.7489486, -95.3669224 29.7492336, -95.3670185 29.7492948, -95.3670393 29.7493019, -95.3670612 29.749299, -95.3670836 29.749273, -95.3675197 29.7487194, -95.3681106 29.7479768, -95.3681239 29.7479495, -95.3681135 29.7479214, -95.3674845 29.7475431, -95.3666177 29.7470168, -95.3657638 29.7465043))"
Polygon,"POLYGON ((-95.3060119 29.7351035, -95.3056888 29.7350042, -95.3057243 29.7349172, -95.3057705 29.7348038, -95.3060936 29.7349031, -95.3060119 29.7351035))"
Polygon,"POLYGON ((-95.4053119 29.7044745, -95.4058541 29.7047589, -95.4059669 29.7046041, -95.4060251 29.704484, -95.4060287 29.704405, -95.4060178 29.7043101, -95.4059669 29.7042122, -95.4058904 29.7041268, -95.405643 29.7040004, -95.4053119 29.7044745))"
Polygon,"POLYGON ((-95.3613569 29.7737566, -95.361035 29.7734842, -95.3607373 29.7737543, -95.3608607 29.7738474, -95.3607776 29.7739219, -95.3607749 29.7739475, -95.360791 29.7739964, -95.3608258 29.7740546, -95.3608527 29.7740802, -95.3608902 29.7740989, -95.3609385 29.7740989, -95.3609734 29.7740895, -95.3610055 29.7740686, -95.3613569 29.7737566))"
Polygon,"POLYGON ((-95.410195 29.7413576, -95.4101741 29.7413579, -95.4101745 29.7413865, -95.4100188 29.7413884, -95.4100076 29.741352, -95.4100014 29.7409836, -95.4101886 29.7409812, -95.410195 29.7413576))"
Polygon,"POLYGON ((-95.3753969 29.7125287, -95.3756147 29.7124054, -95.3766315 29.7119037, -95.3762353 29.7111812, -95.3755355 29.7108027, -95.3745749 29.7114966, -95.3744643 29.7113686, -95.3742055 29.7115441, -95.3738157 29.7110793, -95.3726449 29.712501, -95.3729853 29.7126145, -95.3738541 29.7126629, -95.3738279 29.7131055, -95.3739153 29.71332, -95.3743368 29.7131416, -95.374762 29.7129495, -95.3749033 29.7128771, -95.3753969 29.7125287))"
Polygon,"POLYGON ((-95.211069 29.5830567, -95.2080823 29.5858793, -95.2071032 29.5850001, -95.2063875 29.5856058, -95.2056768 29.5857778, -95.2041573 29.5853468, -95.2035925 29.5853452, -95.20365 29.5847652, -95.2070867 29.5815334, -95.2060055 29.5806638, -95.2069694 29.5797573, -95.211069 29.5830567))"
Polygon,"POLYGON ((-95.2851623 29.700786, -95.2860667 29.7005546, -95.2860709 29.7005216, -95.2860708 29.700327, -95.286069 29.700122, -95.2860695 29.6999524, -95.2860567 29.6987511, -95.2851655 29.6989817, -95.2851641 29.6990308, -95.2851609 29.6993045, -95.2851556 29.6998216, -95.2851704 29.6999544, -95.2851678 29.7007228, -95.2851623 29.700786))"
Polygon,"POLYGON ((-95.3167481 29.6934359, -95.3161892 29.6949096, -95.3152914 29.6946375, -95.3155411 29.693966, -95.3158522 29.693182, -95.3167481 29.6934359))"
Polygon,"POLYGON ((-95.3604321 29.7105394, -95.360393 29.7107237, -95.3600281 29.7116014, -95.3596018 29.7125745, -95.359207 29.7125371, -95.3594026 29.712081, -95.3590539 29.7119738, -95.359 29.7119689, -95.3585736 29.7119305, -95.3589598 29.710939, -95.3589129 29.7108681, -95.3591624 29.7107606, -95.359603 29.7106443, -95.3599392 29.7105678, -95.3601971 29.7105451, -95.3604321 29.7105394))"
Polygon,"POLYGON ((-95.3874653 29.7222104, -95.3864268 29.7234992, -95.3862847 29.7236902, -95.3869069 29.7240722, -95.3878642 29.7246552, -95.3884539 29.723956, -95.3875022 29.7234163, -95.3881524 29.7226148, -95.3874653 29.7222104))"
Polygon,"POLYGON ((-95.3940375 29.6975036, -95.3933929 29.6976627, -95.3932818 29.6977113, -95.393279 29.6977765, -95.3933033 29.6981688, -95.3932111 29.6987599, -95.3930113 29.6993086, -95.3920396 29.7013286, -95.392017 29.7014208, -95.392113 29.7015172, -95.3946009 29.7022469, -95.3948826 29.7013266, -95.3957892 29.699097, -95.3960896 29.6981976, -95.3964758 29.6972284, -95.3966081 29.6968923, -95.3940375 29.6975036))"
Polygon,"POLYGON ((-95.3900385 29.7058673, -95.3900845 29.7056715, -95.3902745 29.7051731, -95.39055 29.7044644, -95.3910579 29.7031659, -95.3914055 29.7022915, -95.391733 29.7014528, -95.3922808 29.7002293, -95.392654 29.6994164, -95.3927943 29.6990726, -95.3928924 29.698815, -95.3929358 29.6986378, -95.3929662 29.6984306, -95.3929721 29.6982319, -95.3929667 29.6980332, -95.3929402 29.6978215, -95.3928158 29.6978406, -95.3928037 29.6977963, -95.3909265 29.6982238, -95.3902164 29.6983992, -95.3898933 29.6984294, -95.3871399 29.6989562, -95.3859389 29.702461, -95.3857284 29.7030753, -95.3848513 29.7056008, -95.3854365 29.7058543, -95.3858197 29.7060034, -95.3863466 29.7061701, -95.3866741 29.7062671, -95.3871067 29.7064262, -95.3873536 29.7064777, -95.3876285 29.7065177, -95.3879194 29.7065363, -95.3882131 29.7065234, -95.3885191 29.706483, -95.3887742 29.7064268, -95.3890324 29.7063476, -95.3892739 29.7062456, -95.3898403 29.7059501, -95.3900385 29.7058673))"
Polygon,"POLYGON ((-95.4001987 29.693349, -95.3998393 29.6933909, -95.3992116 29.6934072, -95.3989193 29.6934422, -95.3986725 29.6935098, -95.3981951 29.6937148, -95.3976372 29.6939175, -95.3972349 29.6933513, -95.39709 29.6931253, -95.396921 29.6927828, -95.3968647 29.6925172, -95.396803 29.6916434, -95.4000445 29.6914652, -95.4001987 29.693349))"
Polygon,"POLYGON ((-95.4081912 29.7006066, -95.4089762 29.7011169, -95.4094054 29.7005648, -95.4099995 29.6998239, -95.4096213 29.6996002, -95.4095516 29.6995781, -95.4089863 29.699243, -95.4089675 29.6992792, -95.4087556 29.6997497, -95.4087068 29.6998663, -95.4086259 29.7000201, -95.4085683 29.7001185, -95.4085246 29.700168, -95.4084507 29.700279, -95.4083711 29.7003859, -95.408286 29.7004884, -95.4082265 29.7005527, -95.4081912 29.7006066))"
Polygon,"POLYGON ((-95.4302942 29.8087635, -95.4303042 29.8092148, -95.4305107 29.8092113, -95.4305197 29.8096182, -95.4314678 29.8096024, -95.4314488 29.8087443, -95.4302942 29.8087635))"
Polygon,"POLYGON ((-95.4049199 29.8037938, -95.4049283 29.8037327, -95.4049024 29.8035001, -95.4048874 29.8034972, -95.4048289 29.8034829, -95.4047775 29.8034548, -95.4047373 29.8034153, -95.4047221 29.8033871, -95.4047115 29.8033676, -95.4047001 29.8033401, -95.4046555 29.8033457, -95.4046599 29.8029718, -95.4037155 29.8029682, -95.4037535 29.8038216, -95.4049199 29.8037938))"
Polygon,"POLYGON ((-95.310482 29.8099648, -95.3104896 29.81272, -95.3109023 29.8129289, -95.3113571 29.8131079, -95.3118309 29.8132538, -95.3122092 29.8133334, -95.3127289 29.8133698, -95.3156407 29.8132969, -95.3156024 29.8118779, -95.3156063 29.8111219, -95.3143185 29.8111285, -95.3143109 29.8110092, -95.3129811 29.8110291, -95.3129887 29.8099316, -95.3106438 29.8099627, -95.310482 29.8099648))"
Polygon,"POLYGON ((-95.410447 29.78678, -95.4104427 29.7865847, -95.4103732 29.7865859, -95.4103776 29.7867812, -95.410447 29.78678))"
Polygon,"POLYGON ((-95.401108 29.7092197, -95.4007217 29.7090147, -95.400416 29.7090054, -95.4002175 29.7089052, -95.3998286 29.7088167, -95.3991821 29.7088144, -95.3991714 29.7089891, -95.3991097 29.7091638, -95.3990185 29.7092896, -95.3989005 29.7093828, -95.3987718 29.709483, -95.3978169 29.7100374, -95.3976506 29.7101446, -95.3974468 29.7103729, -95.3973314 29.7106711, -95.3972027 29.7109623, -95.3989327 29.711971, -95.3991392 29.7121341, -95.398761 29.7125813, -95.3995443 29.7130159, -95.4008903 29.7112923, -95.4016739 29.7102867, -95.4006842 29.709688, -95.401108 29.7092197))"
Polygon,"POLYGON ((-95.2008797 29.7710945, -95.2008529 29.770325, -95.2000281 29.7703576, -95.2000469 29.7711096, -95.2008797 29.7710945))"
Polygon,"POLYGON ((-95.1195958 29.554687, -95.1194342 29.5548033, -95.1194493 29.5548192, -95.1192533 29.5549603, -95.1191196 29.5548198, -95.1192621 29.5547172, -95.1192812 29.5547373, -95.1193358 29.554698, -95.1192355 29.5545925, -95.1193959 29.554477, -95.1195958 29.554687))"
Polygon,"POLYGON ((-95.3989582 29.8150152, -95.3989541 29.8147806, -95.3991242 29.8147757, -95.399133 29.8150102, -95.3989582 29.8150152))"
Polygon,"POLYGON ((-95.3912268 29.774515, -95.3912281 29.7746309, -95.3909459 29.7746332, -95.3909411 29.774177, -95.3909786 29.7741767, -95.3909773 29.7740524, -95.3912768 29.77405, -95.3912817 29.7745145, -95.3912268 29.774515))"
Polygon,"POLYGON ((-95.429797 29.819935, -95.429797 29.820079, -95.429883 29.820079, -95.429883 29.819935, -95.429797 29.819935))"
Polygon,"POLYGON ((-95.3991095 29.7880715, -95.3991077 29.7881789, -95.3993319 29.7881817, -95.3993337 29.7880743, -95.3991095 29.7880715))"
Polygon,"POLYGON ((-95.4542387 29.6832345, -95.4541571 29.683292, -95.453985 29.6833332, -95.4539436 29.6832824, -95.4540081 29.6832393, -95.4539899 29.6832182, -95.4541301 29.6831151, -95.4542387 29.6832345))"
Polygon,"POLYGON ((-95.3844828 29.8602637, -95.3841663 29.8602684, -95.384165 29.8601358, -95.3844775 29.8601335, -95.3844828 29.8602637))"
Polygon,"POLYGON ((-95.408378 29.8469663, -95.4081505 29.8469695, -95.4081476 29.8468152, -95.4083752 29.846812, -95.408378 29.8469663))"
Polygon,"POLYGON ((-95.3847013 29.8346648, -95.3849024 29.8346772, -95.3848923 29.834797, -95.384942 29.8348022, -95.3849286 29.8348829, -95.3847192 29.8349418, -95.3847292 29.8348219, -95.3847651 29.8348241, -95.3847679 29.8347913, -95.3847563 29.8347905, -95.3847005 29.8347345, -95.3846829 29.8347334, -95.3846865 29.8346913, -95.3846889 29.8346634, -95.3847013 29.8346648))"
Polygon,"POLYGON ((-95.3840273 29.8502841, -95.384028 29.8503602, -95.3840287 29.8504386, -95.3835626 29.8504418, -95.3835602 29.8501813, -95.3837402 29.85018, -95.3837412 29.8502861, -95.3840273 29.8502841))"
Polygon,"POLYGON ((-95.2307691 30.0452383, -95.2307442 30.0440875, -95.2304315 30.0440604, -95.2293646 30.0438829, -95.2290935 30.0438288, -95.2289545 30.0438408, -95.2287947 30.0438889, -95.2286765 30.0440093, -95.2285827 30.0440995, -95.228541 30.0442289, -95.2285514 30.0444003, -95.2288155 30.0452607, -95.2307691 30.0452383))"
Polygon,"POLYGON ((-95.1887101 30.0571127, -95.1889321 30.0570544, -95.1888909 30.0569368, -95.1886688 30.0569951, -95.1887101 30.0571127))"
Polygon,"POLYGON ((-95.2564378 30.0530862, -95.2558955 30.0530751, -95.2549896 30.0529619, -95.253398 30.0526748, -95.2526452 30.0525312, -95.2525686 30.052465, -95.2525559 30.0523683, -95.2528079 30.0511784, -95.2536914 30.0473931, -95.253752 30.0473047, -95.2543804 30.047371, -95.2550502 30.0474925, -95.2555032 30.0474759, -95.2559848 30.0473848, -95.2566228 30.0488316, -95.2566802 30.0502093, -95.2562623 30.0513496, -95.2561379 30.0517996, -95.2562081 30.0522303, -95.2564059 30.0527493, -95.2564569 30.0530033, -95.2564378 30.0530862))"
Polygon,"POLYGON ((-95.2580899 30.0472858, -95.2580389 30.0473021, -95.2579987 30.0473578, -95.2580309 30.0476944, -95.2582106 30.0481286, -95.2583957 30.0484513, -95.2584842 30.0486626, -95.2585244 30.0487833, -95.2601552 30.0487578, -95.2601337 30.0472997, -95.2580899 30.0472858))"
Polygon,"POLYGON ((-95.4046834 29.8581824, -95.404686 29.858432, -95.4044769 29.8584337, -95.4044742 29.8581841, -95.4046834 29.8581824))"
Polygon,"POLYGON ((-95.4083176 29.8479864, -95.4083364 29.8479108, -95.4079918 29.8479097, -95.4080105 29.847392, -95.4079488 29.8473886, -95.4079556 29.8473222, -95.4082063 29.847335, -95.4081969 29.8476421, -95.4084263 29.8476887, -95.408488 29.8476584, -95.4088367 29.8477317, -95.4088997 29.8476945, -95.4089319 29.8477003, -95.4088635 29.8479271, -95.4084974 29.8478469, -95.4084813 29.8479015, -95.4088568 29.847976, -95.408834 29.8480748, -95.4085671 29.8480202, -95.4085523 29.8480667, -95.4090646 29.848176, -95.4090271 29.8482993, -95.4086033 29.8482144, -95.4085483 29.8483726, -95.4083753 29.8483354, -95.4083485 29.8484366, -95.4078992 29.8483366, -95.407926 29.848189, -95.4079238 29.8481248, -95.4075799 29.8480552, -95.407596 29.8479973, -95.4075568 29.8479892, -95.4075378 29.8479852, -95.4075176 29.8479811, -95.4074836 29.8481044, -95.407299 29.8480662, -95.4073408 29.847914, -95.4074909 29.847945, -95.4075085 29.8478808, -95.4076158 29.847903, -95.4076111 29.8479201, -95.407958 29.8479917, -95.4083176 29.8479864), (-95.4082628 29.8481803, -95.4082747 29.8481257, -95.407947 29.8481306, -95.4079488 29.848185, -95.4082628 29.8481803))"
Polygon,"POLYGON ((-95.4592484 29.7224028, -95.459245 29.7221137, -95.4592788 29.7220723, -95.4592365 29.7220361, -95.4592343 29.7218614, -95.4588105 29.7218668, -95.4588268 29.7224014, -95.4592484 29.7224028))"
Polygon,"POLYGON ((-95.5490349 29.7822373, -95.5478711 29.7822414, -95.547763 29.7822418, -95.5476614 29.782235, -95.5476584 29.7833772, -95.5471652 29.7833734, -95.5471569 29.7837683, -95.5461081 29.7837753, -95.5461027 29.7829978, -95.5450407 29.7829978, -95.5450477 29.7821573, -95.5443138 29.7821459, -95.5443066 29.7819879, -95.5444521 29.7814204, -95.5445204 29.7811542, -95.544599 29.780803, -95.5446464 29.7804907, -95.5446687 29.7798788, -95.545071 29.7798811, -95.5451469 29.7798397, -95.5451465 29.7796424, -95.5460941 29.7796392, -95.5461031 29.7791759, -95.547299 29.7791823, -95.547637 29.7792242, -95.5479132 29.7792568, -95.5480554 29.779287, -95.5482112 29.779367, -95.548576 29.7795323, -95.548796 29.7795858, -95.5490652 29.7795865, -95.5490349 29.7822373))"
Polygon,"POLYGON ((-95.5005383 29.7078401, -95.5005358 29.7076988, -95.5005085 29.7076992, -95.5005065 29.7075877, -95.5005421 29.7075872, -95.5005396 29.7074496, -95.4998463 29.7074591, -95.4998487 29.7075954, -95.4998732 29.7075951, -95.4998752 29.7077034, -95.4998462 29.7077038, -95.4998488 29.7078494, -95.5005383 29.7078401))"
Polygon,"POLYGON ((-95.5721462 29.7363766, -95.5721385 29.7363651, -95.5721314 29.7363495, -95.5721255 29.7363167, -95.5720696 29.7363167, -95.5720667 29.736141, -95.5721933 29.7361391, -95.572194 29.7361624, -95.5723778 29.7361597, -95.5723842 29.7364136, -95.572206 29.7364123, -95.5721925 29.7364101, -95.5721798 29.7364059, -95.5721709 29.7364014, -95.5721626 29.7363949, -95.5721545 29.7363866, -95.5721462 29.7363766))"
Polygon,"POLYGON ((-95.4677592 29.7229202, -95.4677581 29.7228578, -95.4678137 29.7228571, -95.4678113 29.7227158, -95.4677618 29.7227164, -95.4677607 29.7226494, -95.4675096 29.7226525, -95.467514 29.7229232, -95.4677592 29.7229202))"
Polygon,"POLYGON ((-95.4650276 29.6636983, -95.4650259 29.6635505, -95.4647387 29.6635526, -95.4647379 29.6637008, -95.4650276 29.6636983))"
Polygon,"POLYGON ((-95.6918379 29.7856183, -95.688742 29.7855867, -95.688639 29.7856263, -95.6886189 29.7856907, -95.6886019 29.7859984, -95.6885648 29.7862434, -95.6885486 29.7880098, -95.6885537 29.7883288, -95.6885563 29.7887334, -95.6888974 29.7887513, -95.6890309 29.7887618, -95.6891927 29.7887843, -95.6893737 29.7888052, -95.6896196 29.7888527, -95.6899746 29.7888949, -95.6904087 29.7889706, -95.6906805 29.7889781, -95.6906989 29.7889852, -95.6907259 29.7889884, -95.6907921 29.7889999, -95.6912067 29.78903, -95.69153 29.7890407, -95.6918227 29.7890342, -95.6923393 29.7889976, -95.6928432 29.7889294, -95.6935688 29.7888335, -95.695599 29.788785, -95.6955956 29.7880841, -95.6955508 29.788048, -95.6952374 29.7881194, -95.6950332 29.7880682, -95.6948788 29.7879675, -95.6948265 29.7878814, -95.6947985 29.7876436, -95.6947811 29.7873547, -95.6945602 29.787228, -95.6945907 29.7868838, -95.6948809 29.7866586, -95.6949727 29.7863745, -95.6948769 29.7860628, -95.6948518 29.7856551, -95.6918379 29.7856183))"
Polygon,"POLYGON ((-95.6996648 29.7888245, -95.6995007 29.7888244, -95.6994963 29.7887924, -95.6986949 29.7887937, -95.6984898 29.788818, -95.6977134 29.7887962, -95.695599 29.788785, -95.6955956 29.7880841, -95.6955508 29.788048, -95.6952374 29.7881194, -95.6950332 29.7880682, -95.6948788 29.7879675, -95.6948265 29.7878814, -95.6947985 29.7876436, -95.6947811 29.7873547, -95.6945602 29.787228, -95.6945907 29.7868838, -95.6948809 29.7866586, -95.6949727 29.7863745, -95.6948769 29.7860628, -95.6948518 29.7856551, -95.6978448 29.7857003, -95.6978645 29.7856032, -95.6985666 29.7856048, -95.6994894 29.7856506, -95.6996625 29.7856525, -95.7012972 29.7856541, -95.7015374 29.785658, -95.7015437 29.7875869, -95.7015388 29.7881249, -95.7015497 29.7888747, -95.6996648 29.7888245))"
Polygon,"POLYGON ((-95.5926116 29.7268984, -95.5926806 29.7304962, -95.5933188 29.7304843, -95.5939743 29.7304154, -95.5942917 29.7303525, -95.5951713 29.7300948, -95.5962649 29.7297713, -95.5962097 29.7294657, -95.5962063 29.7280967, -95.5955508 29.7280757, -95.5955612 29.7273448, -95.5945607 29.7273418, -95.5945814 29.7268655, -95.5926116 29.7268984))"
Polygon,"POLYGON ((-95.5197425 29.6950817, -95.5200466 29.6951019, -95.5203304 29.6951748, -95.5209994 29.6957685, -95.5215844 29.6962842, -95.5231395 29.6949358, -95.5256909 29.6926843, -95.5255229 29.692566, -95.5251551 29.6923623, -95.5254447 29.6919874, -95.5255751 29.6920604, -95.525688 29.6918818, -95.5251725 29.6918038, -95.5246715 29.6917686, -95.5240634 29.6917308, -95.5217292 29.691766, -95.520898 29.6917409, -95.5201567 29.6916201, -95.5194153 29.6914163, -95.5192734 29.6914088, -95.5193139 29.6938566, -95.5199568 29.693844, -95.5199684 29.6940403, -95.5197715 29.6942038, -95.5197425 29.6950817))"
Polygon,"POLYGON ((-95.5454202 29.8228439, -95.5454324 29.8248776, -95.5481171 29.824831, -95.548046 29.8230113, -95.5475029 29.8230348, -95.5471328 29.8230092, -95.5465266 29.8229138, -95.5460036 29.8228509, -95.5457246 29.82283, -95.5454202 29.8228439))"
Polygon,"POLYGON ((-95.5731632 29.6813636, -95.5731416 29.6788684, -95.5714344 29.6788841, -95.5714426 29.6799102, -95.5714543 29.6813868, -95.5731632 29.6813636))"
Polygon,"POLYGON ((-95.5804512 29.7320313, -95.5789572 29.7320755, -95.5789813 29.7328185, -95.5796546 29.7329629, -95.5804056 29.7331073, -95.5804297 29.7329187, -95.58047 29.7324529, -95.5804512 29.7320313))"
Polygon,"POLYGON ((-95.6060476 29.7698786, -95.60579 29.7698835, -95.6057884 29.7698211, -95.6057872 29.7697711, -95.6057855 29.7697071, -95.6060432 29.7697022, -95.6060476 29.7698786))"
Polygon,"POLYGON ((-95.6875059 29.7876404, -95.6875072 29.787489, -95.6873527 29.7874832, -95.6873482 29.7876367, -95.6875059 29.7876404))"
Polygon,"POLYGON ((-95.6871081 29.7862965, -95.6869961 29.7862934, -95.687 29.7861558, -95.6871156 29.7861571, -95.6871081 29.7862965))"
Polygon,"POLYGON ((-95.6868468 29.786079, -95.6867346 29.7860744, -95.6867385 29.7858486, -95.6868534 29.7858543, -95.6868468 29.786079))"
Polygon,"POLYGON ((-95.6321092 29.788216, -95.6319624 29.7872701, -95.6319664 29.78698, -95.6319681 29.7868536, -95.632136 29.7854538, -95.6291165 29.7854488, -95.6291266 29.7872308, -95.6291214 29.7879057, -95.6290656 29.7881865, -95.6298058 29.7882447, -95.6307484 29.7882405, -95.6321092 29.788216))"
Polygon,"POLYGON ((-95.4660649 29.7457281, -95.4662818 29.7457279, -95.4662816 29.7455437, -95.4664003 29.7455436, -95.4665162 29.7456293, -95.466637 29.7456294, -95.4666372 29.7450431, -95.4664924 29.745043, -95.4664137 29.7451375, -95.4662828 29.7451376, -95.4662826 29.744942, -95.466064 29.7449422, -95.4660649 29.7457281))"
Polygon,"POLYGON ((-95.4726168 29.7092333, -95.4741616 29.7092159, -95.4741415 29.7075082, -95.47257 29.707514, -95.4726168 29.7092333))"
Polygon,"POLYGON ((-95.49894 29.7100504, -95.4969393 29.7100882, -95.4968989 29.7089549, -95.4989524 29.7089279, -95.4989866 29.7100558, -95.49894 29.7100504))"
Polygon,"POLYGON ((-95.6278099 29.7564699, -95.6278098 29.7564217, -95.6280641 29.756422, -95.6280642 29.7564712, -95.6278099 29.7564699))"
Polygon,"POLYGON ((-95.6268705 29.7577897, -95.6267392 29.7576355, -95.6267174 29.7576106, -95.6266168 29.7576764, -95.6267685 29.7578555, -95.6268705 29.7577897))"
Polygon,"POLYGON ((-95.6261204 29.7560634, -95.6259677 29.7560645, -95.6259664 29.7561076, -95.6260524 29.7562077, -95.6260763 29.7561942, -95.6261193 29.7562424, -95.6261969 29.7561932, -95.626139 29.7561232, -95.6261217 29.7561346, -95.6261204 29.7560634))"
Polygon,"POLYGON ((-95.5024889 29.7207689, -95.501999 29.7207691, -95.501999 29.72066, -95.5019374 29.72066, -95.5019376 29.7210741, -95.5024891 29.7210739, -95.5024889 29.7207689))"
Polygon,"POLYGON ((-95.5912846 29.7237527, -95.5912863 29.7239524, -95.5909075 29.7239549, -95.5909058 29.7237551, -95.5912846 29.7237527))"
Polygon,"POLYGON ((-95.5115109 29.6556957, -95.5115853 29.6556969, -95.5115847 29.6555454, -95.5115599 29.6555459, -95.5115599 29.6555611, -95.5115076 29.6555599, -95.5115109 29.6556957))"
Polygon,"POLYGON ((-95.525626 29.6649519, -95.5255981 29.6649523, -95.5255963 29.6648546, -95.5256208 29.6648543, -95.525619 29.6647548, -95.5261002 29.6647482, -95.5261016 29.6648275, -95.5261238 29.6648272, -95.526126 29.6649469, -95.5261039 29.6649472, -95.5261041 29.6649588, -95.5260882 29.664959, -95.5260886 29.6649788, -95.5259035 29.6649814, -95.5259046 29.6650375, -95.5258257 29.6650387, -95.5258246 29.6649811, -95.5256417 29.6649837, -95.5256414 29.6649661, -95.5256262 29.6649663, -95.525626 29.6649519))"
Polygon,"POLYGON ((-95.4618449 29.6682413, -95.4618696 29.6681714, -95.4621803 29.6682542, -95.4621557 29.668324, -95.4618449 29.6682413))"
Polygon,"POLYGON ((-95.459273 29.6488329, -95.4559574 29.6502095, -95.4559558 29.65011, -95.4558501 29.6443196, -95.4591684 29.6442678, -95.4592386 29.6487706, -95.459273 29.6488329))"
Polygon,"POLYGON ((-95.4769856 29.6560633, -95.4767663 29.6559319, -95.4768678 29.655804, -95.4770871 29.6559354, -95.4769856 29.6560633))"
Polygon,"POLYGON ((-95.5519041 29.9687337, -95.5522504 29.9683743, -95.5525194 29.9680728, -95.5527209 29.9678037, -95.552867 29.9675088, -95.5529315 29.967302, -95.5529699 29.9670793, -95.5529785 29.9668993, -95.552966 29.9664795, -95.5529485 29.9658913, -95.5529417 29.9656625, -95.5527849 29.9654925, -95.5523994 29.9652576, -95.5520729 29.9650501, -95.5507432 29.9641446, -95.5506975 29.9641236, -95.5505259 29.9641399, -95.5504773 29.9641656, -95.5504091 29.9642565, -95.5503407 29.964382, -95.5502187 29.964669, -95.5501307 29.9648997, -95.5500215 29.9651233, -95.5499175 29.9652622, -95.549815 29.9654091, -95.5497868 29.965495, -95.5492971 29.9660455, -95.5493748 29.9661431, -95.5503169 29.966779, -95.5491337 29.9671969, -95.548358 29.9674743, -95.5479515 29.9676234, -95.5480231 29.9677952, -95.5481183 29.9679718, -95.548207 29.9680871, -95.5483285 29.9682066, -95.5484586 29.9683107, -95.5485572 29.9683786, -95.5486198 29.9684129, -95.548501 29.9685476, -95.5483774 29.9686877, -95.5483631 29.9697316, -95.5482446 29.9700632, -95.5497748 29.9700655, -95.551549 29.9700574, -95.5515611 29.9697612, -95.5515826 29.9695451, -95.5516309 29.9693348, -95.5516904 29.9691333, -95.5517663 29.9689537, -95.5519041 29.9687337))"
Polygon,"POLYGON ((-95.6338486 29.9258209, -95.6336984 29.9261138, -95.6335562 29.9263207, -95.6329313 29.9270041, -95.6345129 29.928146, -95.634554 29.9281757, -95.6339747 29.928815, -95.6323546 29.927648, -95.63214 29.9278805, -95.6305414 29.9267391, -95.6301096 29.9272226, -95.6293801 29.9272389, -95.6291011 29.9273459, -95.6287792 29.9273877, -95.628731 29.9249631, -95.6288651 29.9248678, -95.6290501 29.924833, -95.6294149 29.9248446, -95.6299433 29.9248888, -95.6307828 29.9250585, -95.6309277 29.9251538, -95.6310833 29.9249515, -95.6312844 29.9245029, -95.631676 29.9246424, -95.6326148 29.9250631, -95.6338486 29.9258209))"
